casa,placar,fora,data,liga,temporada
Luton Town,1-0,AFC Wimbledon,2025-08-01,League One,2025-26
Cardiff City,2-1,Peterborough,2025-08-02,League One,2025-26
Blackpool,2-3,Stevenage,2025-08-02,League One,2025-26
Bradford City,2-1,Wycombe Wanderers,2025-08-02,League One,2025-26
Burton Albion,2-1,Mansfield Town,2025-08-02,League One,2025-26
Doncaster Rovers,1-0,Exeter City,2025-08-02,League One,2025-26
Huddersfield Town,3-0,Leyton Orient,2025-08-02,League One,2025-26
Lincoln City,2-0,Reading,2025-08-02,League One,2025-26
Plymouth Argyle,1-3,Barnsley,2025-08-02,League One,2025-26
Rotherham United,2-1,Port Vale,2025-08-02,League One,2025-26
Wigan Athletic,3-1,Northampton Town,2025-08-02,League One,2025-26
Accrington,1-1,Gillingham,2025-08-02,League Two,2025-26
Barnet,0-2,Fleetwood Town,2025-08-02,League Two,2025-26
Bristol Rovers,0-1,Harrogate Town,2025-08-02,League Two,2025-26
Cambridge United,1-0,Cheltenham Town,2025-08-02,League Two,2025-26
Chesterfield,1-0,Barrow,2025-08-02,League Two,2025-26
Colchester United,1-1,Tranmere Rovers,2025-08-02,League Two,2025-26
Grimsby Town,3-0,Crawley Town,2025-08-02,League Two,2025-26
Milton Keynes Dons,0-0,Oldham Athletic,2025-08-02,League Two,2025-26
Salford City,1-3,Crewe Alexandra,2025-08-02,League Two,2025-26
Shrewsbury Town,0-0,Bromley,2025-08-02,League Two,2025-26
Walsall,2-1,Swindon Town,2025-08-02,League Two,2025-26
Newport County,1-1,Notts County,2025-08-02,League Two,2025-26
Stockport County,2-0,Bolton Wanderers,2025-08-03,League One,2025-26
Port Vale,0-0,Cardiff City,2025-08-07,League One,2025-26
Birmingham City,1-1,Ipswich Town,2025-08-08,Championship,2025-26
Peterborough,0-2,Luton Town,2025-08-09,League One,2025-26
Reading,0-2,Huddersfield Town,2025-08-09,League One,2025-26
Notts County,1-2,Salford City,2025-08-09,League Two,2025-26
Tranmere Rovers,4-0,Shrewsbury Town,2025-08-09,League Two,2025-26
Charlton Athletic,1-0,Watford,2025-08-09,Championship,2025-26
Coventry City,0-0,Hull City,2025-08-09,Championship,2025-26
Southampton,2-1,Wrexham,2025-08-09,Championship,2025-26
Middlesbrough,1-0,Swansea City,2025-08-09,Championship,2025-26
Norwich City,1-2,Millwall,2025-08-09,Championship,2025-26
Oxford United,0-1,Portsmouth,2025-08-09,Championship,2025-26
Queens Park Rangers,1-1,Preston North End,2025-08-09,Championship,2025-26
Stoke City,3-1,Derby County,2025-08-09,Championship,2025-26
West Bromwich,1-0,Blackburn Rovers,2025-08-09,Championship,2025-26
AFC Wimbledon,2-0,Lincoln City,2025-08-09,League One,2025-26
Barnsley,3-2,Burton Albion,2025-08-09,League One,2025-26
Bolton Wanderers,2-0,Plymouth Argyle,2025-08-09,League One,2025-26
Exeter City,4-1,Blackpool,2025-08-09,League One,2025-26
Leyton Orient,2-0,Wigan Athletic,2025-08-09,League One,2025-26
Mansfield Town,1-2,Doncaster Rovers,2025-08-09,League One,2025-26
Northampton Town,0-0,Bradford City,2025-08-09,League One,2025-26
Stevenage,1-0,Rotherham United,2025-08-09,League One,2025-26
Wycombe Wanderers,1-2,Stockport County,2025-08-09,League One,2025-26
Barrow,0-2,Milton Keynes Dons,2025-08-09,League Two,2025-26
Bromley,2-0,Barnet,2025-08-09,League Two,2025-26
Cheltenham Town,0-2,Chesterfield,2025-08-09,League Two,2025-26
Crawley Town,1-2,Newport County,2025-08-09,League Two,2025-26
Crewe Alexandra,2-0,Accrington,2025-08-09,League Two,2025-26
Fleetwood Town,2-1,Bristol Rovers,2025-08-09,League Two,2025-26
Gillingham,1-0,Walsall,2025-08-09,League Two,2025-26
Harrogate Town,3-3,Grimsby Town,2025-08-09,League Two,2025-26
Oldham Athletic,1-1,Colchester United,2025-08-09,League Two,2025-26
Swindon Town,3-2,Cambridge United,2025-08-09,League Two,2025-26
Altrincham,3-2,Aldershot Town,2025-08-09,National League,2025-26
Boreham Wood,0-2,Rochdale,2025-08-09,National League,2025-26
Brackley Town,1-0,Eastleigh,2025-08-09,National League,2025-26
Braintree Town,3-0,FC Halifax Town,2025-08-09,National League,2025-26
Gateshead,0-3,Southend United,2025-08-09,National League,2025-26
Solihull Moors,2-2,Forest Green Rovers,2025-08-09,National League,2025-26
Tamworth,1-2,Scunthorpe United,2025-08-09,National League,2025-26
Wealdstone,2-0,Truro City,2025-08-09,National League,2025-26
Woking,0-2,Carlisle United,2025-08-09,National League,2025-26
Yeovil Town,0-0,Hartlepool United,2025-08-09,National League,2025-26
York City,2-2,Sutton United,2025-08-09,National League,2025-26
Sheffield United,1-4,Bristol City,2025-08-09,Championship,2025-26
Leicester City,2-1,Sheffield Wednesday,2025-08-10,Championship,2025-26
Liverpool,4-2,Bournemouth,2025-08-15,Premier League,2025-26
Brighton,1-1,Fulham,2025-08-16,Premier League,2025-26
Sunderland,3-0,West Ham,2025-08-16,Premier League,2025-26
Tottenham Hotspur,3-0,Burnley,2025-08-16,Premier League,2025-26
Derby County,3-5,Coventry City,2025-08-16,Championship,2025-26
Portsmouth,1-2,Norwich City,2025-08-16,Championship,2025-26
Wrexham,2-3,West Bromwich,2025-08-16,Championship,2025-26
Blackburn Rovers,1-2,Birmingham City,2025-08-16,Championship,2025-26
Bristol City,0-0,Charlton Athletic,2025-08-16,Championship,2025-26
Millwall,0-3,Middlesbrough,2025-08-16,Championship,2025-26
Preston North End,2-1,Leicester City,2025-08-16,Championship,2025-26
Sheffield Wednesday,0-3,Stoke City,2025-08-16,Championship,2025-26
Swansea City,1-0,Sheffield United,2025-08-16,Championship,2025-26
Watford,2-1,Queens Park Rangers,2025-08-16,Championship,2025-26
Burton Albion,0-0,Port Vale,2025-08-16,League One,2025-26
Exeter City,1-2,Mansfield Town,2025-08-16,League One,2025-26
Barnsley,1-1,Bolton Wanderers,2025-08-16,League One,2025-26
Blackpool,3-2,Huddersfield Town,2025-08-16,League One,2025-26
Bradford City,2-1,Luton Town,2025-08-16,League One,2025-26
Cardiff City,3-0,Rotherham United,2025-08-16,League One,2025-26
Doncaster Rovers,1-1,Wycombe Wanderers,2025-08-16,League One,2025-26
Leyton Orient,2-2,Stockport County,2025-08-16,League One,2025-26
Lincoln City,3-2,Plymouth Argyle,2025-08-16,League One,2025-26
Reading,1-2,AFC Wimbledon,2025-08-16,League One,2025-26
Stevenage,2-0,Northampton Town,2025-08-16,League One,2025-26
Wigan Athletic,2-0,Peterborough,2025-08-16,League One,2025-26
Chesterfield,3-1,Bristol Rovers,2025-08-16,League Two,2025-26
Oldham Athletic,1-2,Swindon Town,2025-08-16,League Two,2025-26
Barnet,1-2,Walsall,2025-08-16,League Two,2025-26
Barrow,2-1,Notts County,2025-08-16,League Two,2025-26
Bromley,2-2,Fleetwood Town,2025-08-16,League Two,2025-26
Cambridge United,1-1,Harrogate Town,2025-08-16,League Two,2025-26
Crewe Alexandra,1-0,Crawley Town,2025-08-16,League Two,2025-26
Grimsby Town,2-1,Newport County,2025-08-16,League Two,2025-26
Milton Keynes Dons,5-0,Cheltenham Town,2025-08-16,League Two,2025-26
Salford City,2-1,Accrington,2025-08-16,League Two,2025-26
Shrewsbury Town,0-2,Colchester United,2025-08-16,League Two,2025-26
Tranmere Rovers,1-1,Gillingham,2025-08-16,League Two,2025-26
Rochdale,2-1,Altrincham,2025-08-16,National League,2025-26
Aldershot Town,2-3,Boston United,2025-08-16,National League,2025-26
Carlisle United,3-3,Boreham Wood,2025-08-16,National League,2025-26
Eastleigh,0-2,Gateshead,2025-08-16,National League,2025-26
Forest Green Rovers,2-0,Yeovil Town,2025-08-16,National League,2025-26
Hartlepool United,2-0,Braintree Town,2025-08-16,National League,2025-26
Scunthorpe United,3-1,Woking,2025-08-16,National League,2025-26
Southend United,2-0,Tamworth,2025-08-16,National League,2025-26
Sutton United,0-0,Solihull Moors,2025-08-16,National League,2025-26
Wealdstone,2-1,FC Halifax Town,2025-08-16,National League,2025-26
Aston Villa,0-0,Newcastle United,2025-08-16,Premier League,2025-26
Wolverhampton,0-4,Manchester City,2025-08-16,Premier League,2025-26
Truro City,0-2,York City,2025-08-16,National League,2025-26
Chelsea,0-0,Crystal Palace,2025-08-17,Premier League,2025-26
Nottingham Forest,3-1,Brentford,2025-08-17,Premier League,2025-26
Manchester United,0-1,Arsenal,2025-08-17,Premier League,2025-26
Ipswich Town,1-1,Southampton,2025-08-17,Championship,2025-26
Hull City,3-2,Oxford United,2025-08-17,Championship,2025-26
Leeds United,1-0,Everton,2025-08-18,Premier League,2025-26
AFC Wimbledon,0-1,Cardiff City,2025-08-19,League One,2025-26
Huddersfield Town,2-0,Doncaster Rovers,2025-08-19,League One,2025-26
Luton Town,1-0,Wigan Athletic,2025-08-19,League One,2025-26
Mansfield Town,2-0,Blackpool,2025-08-19,League One,2025-26
Northampton Town,0-1,Lincoln City,2025-08-19,League One,2025-26
Peterborough,0-1,Barnsley,2025-08-19,League One,2025-26
Plymouth Argyle,0-1,Leyton Orient,2025-08-19,League One,2025-26
Port Vale,1-2,Stevenage,2025-08-19,League One,2025-26
Stockport County,1-2,Bradford City,2025-08-19,League One,2025-26
Wycombe Wanderers,0-1,Exeter City,2025-08-19,League One,2025-26
Newport County,0-1,Salford City,2025-08-19,League Two,2025-26
Bristol Rovers,0-0,Oldham Athletic,2025-08-19,League Two,2025-26
Cheltenham Town,1-2,Bromley,2025-08-19,League Two,2025-26
Colchester United,1-2,Cambridge United,2025-08-19,League Two,2025-26
Crawley Town,1-1,Milton Keynes Dons,2025-08-19,League Two,2025-26
Fleetwood Town,1-4,Crewe Alexandra,2025-08-19,League Two,2025-26
Gillingham,4-1,Chesterfield,2025-08-19,League Two,2025-26
Harrogate Town,1-0,Barrow,2025-08-19,League Two,2025-26
Swindon Town,0-2,Barnet,2025-08-19,League Two,2025-26
Walsall,0-1,Grimsby Town,2025-08-19,League Two,2025-26
Altrincham,0-2,Hartlepool United,2025-08-19,National League,2025-26
Boston United,0-1,FC Halifax Town,2025-08-19,National League,2025-26
Carlisle United,1-1,Solihull Moors,2025-08-19,National League,2025-26
Tamworth,2-0,Truro City,2025-08-19,National League,2025-26
Woking,1-2,Wealdstone,2025-08-19,National League,2025-26
Notts County,4-1,Shrewsbury Town,2025-08-20,League Two,2025-26
Aldershot Town,2-3,Eastleigh,2025-08-20,National League,2025-26
Boreham Wood,2-1,Braintree Town,2025-08-20,National League,2025-26
Forest Green Rovers,4-0,Sutton United,2025-08-20,National League,2025-26
Rochdale,4-0,Gateshead,2025-08-20,National League,2025-26
Southend United,0-0,York City,2025-08-20,National League,2025-26
Yeovil Town,2-1,Brackley Town,2025-08-20,National League,2025-26
Bolton Wanderers,1-1,Reading,2025-08-20,League One,2025-26
West Ham,1-5,Chelsea,2025-08-22,Premier League,2025-26
Manchester City,0-2,Tottenham Hotspur,2025-08-23,Premier League,2025-26
Bournemouth,1-0,Wolverhampton,2025-08-23,Premier League,2025-26
Brentford,1-0,Aston Villa,2025-08-23,Premier League,2025-26
Burnley,2-0,Sunderland,2025-08-23,Premier League,2025-26
Arsenal,5-0,Leeds United,2025-08-23,Premier League,2025-26
Derby County,1-1,Bristol City,2025-08-23,Championship,2025-26
Charlton Athletic,0-1,Leicester City,2025-08-23,Championship,2025-26
Hull City,0-3,Blackburn Rovers,2025-08-23,Championship,2025-26
Swansea City,1-1,Watford,2025-08-23,Championship,2025-26
Birmingham City,1-0,Oxford United,2025-08-23,Championship,2025-26
Coventry City,7-1,Queens Park Rangers,2025-08-23,Championship,2025-26
Norwich City,1-2,Middlesbrough,2025-08-23,Championship,2025-26
Preston North End,1-0,Ipswich Town,2025-08-23,Championship,2025-26
Sheffield United,0-1,Millwall,2025-08-23,Championship,2025-26
Southampton,1-2,Stoke City,2025-08-23,Championship,2025-26
West Bromwich,1-1,Portsmouth,2025-08-23,Championship,2025-26
Wrexham,2-2,Sheffield Wednesday,2025-08-23,Championship,2025-26
Luton Town,0-1,Cardiff City,2025-08-23,League One,2025-26
Rotherham United,2-2,Wigan Athletic,2025-08-23,League One,2025-26
AFC Wimbledon,2-0,Barnsley,2025-08-23,League One,2025-26
Bolton Wanderers,1-1,Lincoln City,2025-08-23,League One,2025-26
Huddersfield Town,1-0,Stevenage,2025-08-23,League One,2025-26
Mansfield Town,4-1,Leyton Orient,2025-08-23,League One,2025-26
Northampton Town,2-0,Exeter City,2025-08-23,League One,2025-26
Peterborough,1-1,Bradford City,2025-08-23,League One,2025-26
Plymouth Argyle,1-0,Blackpool,2025-08-23,League One,2025-26
Port Vale,0-1,Doncaster Rovers,2025-08-23,League One,2025-26
Stockport County,2-1,Burton Albion,2025-08-23,League One,2025-26
Wycombe Wanderers,2-2,Reading,2025-08-23,League One,2025-26
Newport County,1-2,Milton Keynes Dons,2025-08-23,League Two,2025-26
Walsall,1-0,Salford City,2025-08-23,League Two,2025-26
Accrington,1-1,Grimsby Town,2025-08-23,League Two,2025-26
Bristol Rovers,1-0,Cambridge United,2025-08-23,League Two,2025-26
Cheltenham Town,0-1,Barnet,2025-08-23,League Two,2025-26
Colchester United,0-2,Barrow,2025-08-23,League Two,2025-26
Crawley Town,0-2,Tranmere Rovers,2025-08-23,League Two,2025-26
Fleetwood Town,1-1,Oldham Athletic,2025-08-23,League Two,2025-26
Gillingham,1-0,Crewe Alexandra,2025-08-23,League Two,2025-26
Harrogate Town,1-2,Chesterfield,2025-08-23,League Two,2025-26
Notts County,2-2,Bromley,2025-08-23,League Two,2025-26
Swindon Town,2-1,Shrewsbury Town,2025-08-23,League Two,2025-26
Morecambe,2-1,Altrincham,2025-08-23,National League,2025-26
Brackley Town,2-1,Rochdale,2025-08-23,National League,2025-26
Braintree Town,1-0,Yeovil Town,2025-08-23,National League,2025-26
Eastleigh,2-0,Boston United,2025-08-23,National League,2025-26
FC Halifax Town,1-2,Forest Green Rovers,2025-08-23,National League,2025-26
Gateshead,2-1,Tamworth,2025-08-23,National League,2025-26
Hartlepool United,3-0,Woking,2025-08-23,National League,2025-26
Solihull Moors,1-5,Aldershot Town,2025-08-23,National League,2025-26
Sutton United,2-3,Scunthorpe United,2025-08-23,National League,2025-26
Truro City,0-1,Southend United,2025-08-23,National League,2025-26
Wealdstone,0-1,Carlisle United,2025-08-23,National League,2025-26
Crystal Palace,1-1,Nottingham Forest,2025-08-24,Premier League,2025-26
Everton,2-0,Brighton,2025-08-24,Premier League,2025-26
Fulham,1-1,Manchester United,2025-08-24,Premier League,2025-26
Newcastle United,2-3,Liverpool,2025-08-25,Premier League,2025-26
Aldershot Town,4-0,Morecambe,2025-08-25,National League,2025-26
Altrincham,2-0,Solihull Moors,2025-08-25,National League,2025-26
Boreham Wood,2-1,Truro City,2025-08-25,National League,2025-26
Boston United,2-1,Wealdstone,2025-08-25,National League,2025-26
Carlisle United,5-0,Braintree Town,2025-08-25,National League,2025-26
Forest Green Rovers,1-0,Eastleigh,2025-08-25,National League,2025-26
Rochdale,1-0,Sutton United,2025-08-25,National League,2025-26
Scunthorpe United,1-1,FC Halifax Town,2025-08-25,National League,2025-26
Southend United,1-1,Hartlepool United,2025-08-25,National League,2025-26
Tamworth,1-1,Brackley Town,2025-08-25,National League,2025-26
Woking,1-1,York City,2025-08-25,National League,2025-26
Yeovil Town,3-4,Gateshead,2025-08-25,National League,2025-26
Leicester City,2-0,Birmingham City,2025-08-29,Championship,2025-26
Salford City,1-1,Cheltenham Town,2025-08-29,League Two,2025-26
Middlesbrough,1-0,Sheffield United,2025-08-30,Championship,2025-26
Queens Park Rangers,3-1,Charlton Athletic,2025-08-30,Championship,2025-26
Stoke City,0-1,West Bromwich,2025-08-30,Championship,2025-26
Blackburn Rovers,0-2,Norwich City,2025-08-30,Championship,2025-26
Bristol City,4-2,Hull City,2025-08-30,Championship,2025-26
Ipswich Town,2-2,Derby County,2025-08-30,Championship,2025-26
Millwall,0-2,Wrexham,2025-08-30,Championship,2025-26
Oxford United,2-2,Coventry City,2025-08-30,Championship,2025-26
Portsmouth,1-0,Preston North End,2025-08-30,Championship,2025-26
Sheffield Wednesday,0-2,Swansea City,2025-08-30,Championship,2025-26
Watford,2-2,Southampton,2025-08-30,Championship,2025-26
Cardiff City,4-0,Plymouth Argyle,2025-08-30,League One,2025-26
Doncaster Rovers,1-0,Rotherham United,2025-08-30,League One,2025-26
Barnsley,3-1,Huddersfield Town,2025-08-30,League One,2025-26
Blackpool,1-1,Bolton Wanderers,2025-08-30,League One,2025-26
Bradford City,3-2,AFC Wimbledon,2025-08-30,League One,2025-26
Burton Albion,0-3,Luton Town,2025-08-30,League One,2025-26
Exeter City,3-0,Peterborough,2025-08-30,League One,2025-26
Leyton Orient,0-1,Northampton Town,2025-08-30,League One,2025-26
Reading,1-0,Port Vale,2025-08-30,League One,2025-26
Stevenage,1-0,Wycombe Wanderers,2025-08-30,League One,2025-26
Wigan Athletic,1-1,Stockport County,2025-08-30,League One,2025-26
Lincoln City,1-1,Mansfield Town,2025-08-30,League One,2025-26
Barrow,0-1,Fleetwood Town,2025-08-30,League Two,2025-26
Crewe Alexandra,0-3,Swindon Town,2025-08-30,League Two,2025-26
Barnet,1-1,Colchester United,2025-08-30,League Two,2025-26
Bromley,2-0,Harrogate Town,2025-08-30,League Two,2025-26
Cambridge United,2-0,Newport County,2025-08-30,League Two,2025-26
Chesterfield,2-2,Crawley Town,2025-08-30,League Two,2025-26
Grimsby Town,0-1,Bristol Rovers,2025-08-30,League Two,2025-26
Milton Keynes Dons,0-1,Walsall,2025-08-30,League Two,2025-26
Oldham Athletic,0-1,Gillingham,2025-08-30,League Two,2025-26
Shrewsbury Town,0-0,Accrington,2025-08-30,League Two,2025-26
Tranmere Rovers,1-2,Notts County,2025-08-30,League Two,2025-26
Solihull Moors,1-2,Southend United,2025-08-30,National League,2025-26
Braintree Town,0-0,Forest Green Rovers,2025-08-30,National League,2025-26
Eastleigh,2-1,Altrincham,2025-08-30,National League,2025-26
FC Halifax Town,3-2,Yeovil Town,2025-08-30,National League,2025-26
Gateshead,3-3,Aldershot Town,2025-08-30,National League,2025-26
Hartlepool United,0-0,Boreham Wood,2025-08-30,National League,2025-26
Morecambe,0-2,Woking,2025-08-30,National League,2025-26
Sutton United,2-1,Carlisle United,2025-08-30,National League,2025-26
Truro City,3-0,Boston United,2025-08-30,National League,2025-26
Wealdstone,1-3,Rochdale,2025-08-30,National League,2025-26
Chelsea,2-0,Fulham,2025-08-30,Premier League,2025-26
Manchester United,3-2,Burnley,2025-08-30,Premier League,2025-26
Sunderland,2-1,Brentford,2025-08-30,Premier League,2025-26
Tottenham Hotspur,0-1,Bournemouth,2025-08-30,Premier League,2025-26
Wolverhampton,2-3,Everton,2025-08-30,Premier League,2025-26
Leeds United,0-0,Newcastle United,2025-08-30,Premier League,2025-26
Brackley Town,1-1,Scunthorpe United,2025-08-30,National League,2025-26
Brighton,2-1,Manchester City,2025-08-31,Premier League,2025-26
Nottingham Forest,0-3,West Ham,2025-08-31,Premier League,2025-26
Liverpool,1-0,Arsenal,2025-08-31,Premier League,2025-26
Aston Villa,0-3,Crystal Palace,2025-08-31,Premier League,2025-26
Braintree Town,1-2,Tamworth,2025-09-02,National League,2025-26
Eastleigh,1-1,Scunthorpe United,2025-09-02,National League,2025-26
Morecambe,1-3,Forest Green Rovers,2025-09-02,National League,2025-26
Solihull Moors,0-1,Yeovil Town,2025-09-02,National League,2025-26
Wealdstone,3-2,Southend United,2025-09-02,National League,2025-26
Brackley Town,0-1,Carlisle United,2025-09-03,National League,2025-26
FC Halifax Town,1-1,Woking,2025-09-03,National League,2025-26
Gateshead,0-2,Altrincham,2025-09-03,National League,2025-26
Hartlepool United,1-1,Boston United,2025-09-03,National League,2025-26
Sutton United,3-4,Boreham Wood,2025-09-03,National League,2025-26
Truro City,2-2,Aldershot Town,2025-09-03,National League,2025-26
Bolton Wanderers,3-0,AFC Wimbledon,2025-09-06,League One,2025-26
Doncaster Rovers,3-1,Bradford City,2025-09-06,League One,2025-26
Huddersfield Town,3-2,Peterborough,2025-09-06,League One,2025-26
Lincoln City,2-2,Wigan Athletic,2025-09-06,League One,2025-26
Plymouth Argyle,4-2,Stockport County,2025-09-06,League One,2025-26
Port Vale,2-3,Leyton Orient,2025-09-06,League One,2025-26
Rotherham United,1-0,Exeter City,2025-09-06,League One,2025-26
Wycombe Wanderers,2-0,Mansfield Town,2025-09-06,League One,2025-26
Newport County,2-3,Bristol Rovers,2025-09-06,League Two,2025-26
Barnet,1-3,Shrewsbury Town,2025-09-06,League Two,2025-26
Barrow,1-3,Swindon Town,2025-09-06,League Two,2025-26
Cambridge United,0-1,Oldham Athletic,2025-09-06,League Two,2025-26
Cheltenham Town,1-0,Accrington,2025-09-06,League Two,2025-26
Colchester United,1-1,Crewe Alexandra,2025-09-06,League Two,2025-26
Harrogate Town,0-1,Crawley Town,2025-09-06,League Two,2025-26
Milton Keynes Dons,2-3,Grimsby Town,2025-09-06,League Two,2025-26
Notts County,1-0,Fleetwood Town,2025-09-06,League Two,2025-26
Salford City,3-1,Tranmere Rovers,2025-09-06,League Two,2025-26
Walsall,1-0,Chesterfield,2025-09-06,League Two,2025-26
Bromley,2-2,Gillingham,2025-09-06,League Two,2025-26
Altrincham,2-1,Sutton United,2025-09-06,National League,2025-26
Boreham Wood,3-0,Morecambe,2025-09-06,National League,2025-26
Boston United,1-2,Solihull Moors,2025-09-06,National League,2025-26
Carlisle United,3-0,Truro City,2025-09-06,National League,2025-26
Forest Green Rovers,1-0,Hartlepool United,2025-09-06,National League,2025-26
Rochdale,2-0,Braintree Town,2025-09-06,National League,2025-26
Southend United,3-0,FC Halifax Town,2025-09-06,National League,2025-26
Tamworth,1-0,Eastleigh,2025-09-06,National League,2025-26
Woking,5-0,Gateshead,2025-09-06,National League,2025-26
Yeovil Town,1-3,York City,2025-09-06,National League,2025-26
Aldershot Town,2-2,Brackley Town,2025-09-06,National League,2025-26
Scunthorpe United,2-1,Wealdstone,2025-09-06,National League,2025-26
York City,4-0,Tamworth,2025-09-09,National League,2025-26
Ipswich Town,5-0,Sheffield United,2025-09-12,Championship,2025-26
Arsenal,3-0,Nottingham Forest,2025-09-13,Premier League,2025-26
Bournemouth,2-1,Brighton,2025-09-13,Premier League,2025-26
Crystal Palace,0-0,Sunderland,2025-09-13,Premier League,2025-26
Everton,0-0,Aston Villa,2025-09-13,Premier League,2025-26
Fulham,1-0,Leeds United,2025-09-13,Premier League,2025-26
Newcastle United,1-0,Wolverhampton,2025-09-13,Premier League,2025-26
Charlton Athletic,1-1,Millwall,2025-09-13,Championship,2025-26
Oxford United,2-2,Leicester City,2025-09-13,Championship,2025-26
Preston North End,2-2,Middlesbrough,2025-09-13,Championship,2025-26
Coventry City,1-1,Norwich City,2025-09-13,Championship,2025-26
Sheffield Wednesday,0-3,Bristol City,2025-09-13,Championship,2025-26
Stoke City,1-0,Birmingham City,2025-09-13,Championship,2025-26
Swansea City,2-2,Hull City,2025-09-13,Championship,2025-26
Watford,0-1,Blackburn Rovers,2025-09-13,Championship,2025-26
West Bromwich,0-1,Derby County,2025-09-13,Championship,2025-26
Wrexham,1-3,Queens Park Rangers,2025-09-13,Championship,2025-26
Bradford City,3-1,Huddersfield Town,2025-09-13,League One,2025-26
Northampton Town,1-0,Blackpool,2025-09-13,League One,2025-26
AFC Wimbledon,2-1,Rotherham United,2025-09-13,League One,2025-26
Barnsley,3-2,Reading,2025-09-13,League One,2025-26
Burton Albion,0-1,Lincoln City,2025-09-13,League One,2025-26
Exeter City,0-2,Port Vale,2025-09-13,League One,2025-26
Leyton Orient,1-1,Bolton Wanderers,2025-09-13,League One,2025-26
Luton Town,2-3,Plymouth Argyle,2025-09-13,League One,2025-26
Mansfield Town,1-1,Stevenage,2025-09-13,League One,2025-26
Peterborough,2-1,Wycombe Wanderers,2025-09-13,League One,2025-26
Stockport County,1-1,Cardiff City,2025-09-13,League One,2025-26
Wigan Athletic,3-0,Doncaster Rovers,2025-09-13,League One,2025-26
Accrington,1-0,Colchester United,2025-09-13,League Two,2025-26
Crawley Town,2-0,Cheltenham Town,2025-09-13,League Two,2025-26
Bristol Rovers,2-1,Barrow,2025-09-13,League Two,2025-26
Chesterfield,1-1,Milton Keynes Dons,2025-09-13,League Two,2025-26
Crewe Alexandra,1-2,Barnet,2025-09-13,League Two,2025-26
Fleetwood Town,1-1,Walsall,2025-09-13,League Two,2025-26
Gillingham,1-0,Notts County,2025-09-13,League Two,2025-26
Grimsby Town,1-1,Cambridge United,2025-09-13,League Two,2025-26
Oldham Athletic,1-0,Bromley,2025-09-13,League Two,2025-26
Shrewsbury Town,1-3,Salford City,2025-09-13,League Two,2025-26
Swindon Town,3-1,Harrogate Town,2025-09-13,League Two,2025-26
Tranmere Rovers,1-1,Newport County,2025-09-13,League Two,2025-26
Yeovil Town,1-0,Woking,2025-09-13,National League,2025-26
Boreham Wood,3-1,Altrincham,2025-09-13,National League,2025-26
Braintree Town,2-3,York City,2025-09-13,National League,2025-26
Carlisle United,2-0,Aldershot Town,2025-09-13,National League,2025-26
Forest Green Rovers,1-1,Scunthorpe United,2025-09-13,National League,2025-26
Hartlepool United,0-0,Brackley Town,2025-09-13,National League,2025-26
Solihull Moors,4-4,Morecambe,2025-09-13,National League,2025-26
Southend United,1-1,Boston United,2025-09-13,National League,2025-26
Sutton United,2-3,Tamworth,2025-09-13,National League,2025-26
Truro City,0-1,Rochdale,2025-09-13,National League,2025-26
Wealdstone,2-2,Gateshead,2025-09-13,National League,2025-26
West Ham,0-3,Tottenham Hotspur,2025-09-13,Premier League,2025-26
FC Halifax Town,2-2,Eastleigh,2025-09-13,National League,2025-26
Brentford,2-2,Chelsea,2025-09-13,Premier League,2025-26
Southampton,0-0,Portsmouth,2025-09-14,Championship,2025-26
Burnley,0-1,Liverpool,2025-09-14,Premier League,2025-26
Manchester City,3-0,Manchester United,2025-09-14,Premier League,2025-26
Middlesbrough,2-1,West Bromwich,2025-09-19,Championship,2025-26
Liverpool,2-1,Everton,2025-09-20,Premier League,2025-26
Brighton,2-2,Tottenham Hotspur,2025-09-20,Premier League,2025-26
Burnley,1-1,Nottingham Forest,2025-09-20,Premier League,2025-26
West Ham,1-2,Crystal Palace,2025-09-20,Premier League,2025-26
Wolverhampton,1-3,Leeds United,2025-09-20,Premier League,2025-26
Birmingham City,1-0,Swansea City,2025-09-20,Championship,2025-26
Leicester City,0-0,Coventry City,2025-09-20,Championship,2025-26
Queens Park Rangers,1-0,Stoke City,2025-09-20,Championship,2025-26
Derby County,0-1,Preston North End,2025-09-20,Championship,2025-26
Hull City,3-1,Southampton,2025-09-20,Championship,2025-26
Norwich City,2-3,Wrexham,2025-09-20,Championship,2025-26
Portsmouth,0-2,Sheffield Wednesday,2025-09-20,Championship,2025-26
Sheffield United,0-1,Charlton Athletic,2025-09-20,Championship,2025-26
Blackpool,1-0,Barnsley,2025-09-20,League One,2025-26
Bolton Wanderers,4-1,Wigan Athletic,2025-09-20,League One,2025-26
Lincoln City,3-1,Luton Town,2025-09-20,League One,2025-26
Cardiff City,1-3,Bradford City,2025-09-20,League One,2025-26
Doncaster Rovers,1-2,AFC Wimbledon,2025-09-20,League One,2025-26
Huddersfield Town,0-0,Burton Albion,2025-09-20,League One,2025-26
Plymouth Argyle,0-1,Peterborough,2025-09-20,League One,2025-26
Port Vale,2-1,Mansfield Town,2025-09-20,League One,2025-26
Reading,2-1,Leyton Orient,2025-09-20,League One,2025-26
Rotherham United,0-1,Stockport County,2025-09-20,League One,2025-26
Stevenage,2-1,Exeter City,2025-09-20,League One,2025-26
Wycombe Wanderers,2-0,Northampton Town,2025-09-20,League One,2025-26
Cambridge United,2-1,Fleetwood Town,2025-09-20,League Two,2025-26
Harrogate Town,2-0,Shrewsbury Town,2025-09-20,League Two,2025-26
Barnet,3-0,Grimsby Town,2025-09-20,League Two,2025-26
Barrow,1-0,Crewe Alexandra,2025-09-20,League Two,2025-26
Bromley,2-2,Chesterfield,2025-09-20,League Two,2025-26
Cheltenham Town,0-3,Oldham Athletic,2025-09-20,League Two,2025-26
Colchester United,1-1,Bristol Rovers,2025-09-20,League Two,2025-26
Milton Keynes Dons,1-2,Accrington,2025-09-20,League Two,2025-26
Newport County,1-3,Gillingham,2025-09-20,League Two,2025-26
Notts County,4-0,Crawley Town,2025-09-20,League Two,2025-26
Salford City,3-2,Swindon Town,2025-09-20,League Two,2025-26
Walsall,4-2,Tranmere Rovers,2025-09-20,League Two,2025-26
Brackley Town,1-0,Sutton United,2025-09-20,National League,2025-26
Aldershot Town,1-0,Hartlepool United,2025-09-20,National League,2025-26
Altrincham,1-2,Carlisle United,2025-09-20,National League,2025-26
Boston United,0-2,Boreham Wood,2025-09-20,National League,2025-26
Eastleigh,1-3,Braintree Town,2025-09-20,National League,2025-26
Gateshead,1-2,FC Halifax Town,2025-09-20,National League,2025-26
Morecambe,4-3,Wealdstone,2025-09-20,National League,2025-26
Scunthorpe United,4-0,Truro City,2025-09-20,National League,2025-26
Tamworth,1-0,Yeovil Town,2025-09-20,National League,2025-26
Woking,0-2,Forest Green Rovers,2025-09-20,National League,2025-26
York City,0-1,Solihull Moors,2025-09-20,National League,2025-26
Manchester United,2-1,Chelsea,2025-09-20,Premier League,2025-26
Fulham,3-1,Brentford,2025-09-21,Premier League,2025-26
Bournemouth,0-0,Newcastle United,2025-09-21,Premier League,2025-26
Sunderland,1-1,Aston Villa,2025-09-21,Premier League,2025-26
Arsenal,1-1,Manchester City,2025-09-21,Premier League,2025-26
Bristol City,1-3,Oxford United,2025-09-21,Championship,2025-26
Millwall,1-0,Watford,2025-09-22,Championship,2025-26
Altrincham,1-2,Forest Green Rovers,2025-09-23,National League,2025-26
Brackley Town,1-0,Truro City,2025-09-23,National League,2025-26
Gateshead,0-1,Hartlepool United,2025-09-23,National League,2025-26
Rochdale,4-1,Solihull Moors,2025-09-23,National League,2025-26
Woking,1-1,Sutton United,2025-09-23,National League,2025-26
York City,5-0,Carlisle United,2025-09-23,National League,2025-26
Aldershot Town,1-4,Yeovil Town,2025-09-24,National League,2025-26
Boston United,2-0,Braintree Town,2025-09-24,National League,2025-26
Eastleigh,2-1,Southend United,2025-09-24,National League,2025-26
Morecambe,1-2,FC Halifax Town,2025-09-24,National League,2025-26
Scunthorpe United,1-1,Boreham Wood,2025-09-24,National League,2025-26
Tamworth,1-1,Wealdstone,2025-09-24,National League,2025-26
West Bromwich,1-1,Leicester City,2025-09-26,Championship,2025-26
Brentford,3-1,Manchester United,2025-09-27,Premier League,2025-26
Chelsea,1-3,Brighton,2025-09-27,Premier League,2025-26
Crystal Palace,2-1,Liverpool,2025-09-27,Premier League,2025-26
Leeds United,2-2,Bournemouth,2025-09-27,Premier League,2025-26
Manchester City,5-1,Burnley,2025-09-27,Premier League,2025-26
Nottingham Forest,0-1,Sunderland,2025-09-27,Premier League,2025-26
Coventry City,3-0,Birmingham City,2025-09-27,Championship,2025-26
Swansea City,1-1,Millwall,2025-09-27,Championship,2025-26
Wrexham,1-1,Derby County,2025-09-27,Championship,2025-26
Charlton Athletic,3-0,Blackburn Rovers,2025-09-27,Championship,2025-26
Ipswich Town,2-1,Portsmouth,2025-09-27,Championship,2025-26
Oxford United,0-1,Sheffield United,2025-09-27,Championship,2025-26
Preston North End,0-0,Bristol City,2025-09-27,Championship,2025-26
Sheffield Wednesday,1-1,Queens Park Rangers,2025-09-27,Championship,2025-26
Southampton,1-1,Middlesbrough,2025-09-27,Championship,2025-26
Stoke City,1-1,Norwich City,2025-09-27,Championship,2025-26
Watford,2-1,Hull City,2025-09-27,Championship,2025-26
AFC Wimbledon,2-1,Wycombe Wanderers,2025-09-27,League One,2025-26
Leyton Orient,2-3,Stevenage,2025-09-27,League One,2025-26
Barnsley,0-2,Port Vale,2025-09-27,League One,2025-26
Bradford City,1-0,Blackpool,2025-09-27,League One,2025-26
Burton Albion,0-4,Plymouth Argyle,2025-09-27,League One,2025-26
Exeter City,0-1,Huddersfield Town,2025-09-27,League One,2025-26
Luton Town,1-0,Doncaster Rovers,2025-09-27,League One,2025-26
Mansfield Town,2-1,Rotherham United,2025-09-27,League One,2025-26
Northampton Town,2-0,Bolton Wanderers,2025-09-27,League One,2025-26
Peterborough,0-3,Lincoln City,2025-09-27,League One,2025-26
Stockport County,1-1,Reading,2025-09-27,League One,2025-26
Wigan Athletic,0-2,Cardiff City,2025-09-27,League One,2025-26
Crewe Alexandra,2-1,Notts County,2025-09-27,League Two,2025-26
Oldham Athletic,1-1,Barnet,2025-09-27,League Two,2025-26
Accrington,1-3,Walsall,2025-09-27,League Two,2025-26
Bristol Rovers,2-1,Salford City,2025-09-27,League Two,2025-26
Chesterfield,4-1,Newport County,2025-09-27,League Two,2025-26
Crawley Town,1-2,Barrow,2025-09-27,League Two,2025-26
Fleetwood Town,4-2,Colchester United,2025-09-27,League Two,2025-26
Gillingham,0-1,Harrogate Town,2025-09-27,League Two,2025-26
Grimsby Town,7-1,Cheltenham Town,2025-09-27,League Two,2025-26
Shrewsbury Town,1-2,Milton Keynes Dons,2025-09-27,League Two,2025-26
Swindon Town,2-0,Bromley,2025-09-27,League Two,2025-26
Tranmere Rovers,0-0,Cambridge United,2025-09-27,League Two,2025-26
Boreham Wood,1-0,Woking,2025-09-27,National League,2025-26
Braintree Town,1-2,Gateshead,2025-09-27,National League,2025-26
Carlisle United,0-2,Rochdale,2025-09-27,National League,2025-26
FC Halifax Town,4-2,Aldershot Town,2025-09-27,National League,2025-26
Hartlepool United,1-1,Tamworth,2025-09-27,National League,2025-26
Solihull Moors,1-0,Brackley Town,2025-09-27,National League,2025-26
Southend United,0-2,Scunthorpe United,2025-09-27,National League,2025-26
Sutton United,1-1,Boston United,2025-09-27,National League,2025-26
Truro City,5-0,Morecambe,2025-09-27,National League,2025-26
Wealdstone,0-0,Eastleigh,2025-09-27,National League,2025-26
Yeovil Town,1-0,Altrincham,2025-09-27,National League,2025-26
Forest Green Rovers,1-1,York City,2025-09-27,National League,2025-26
Tottenham Hotspur,1-1,Wolverhampton,2025-09-27,Premier League,2025-26
Aston Villa,3-1,Fulham,2025-09-28,Premier League,2025-26
Newcastle United,1-2,Arsenal,2025-09-28,Premier League,2025-26
Everton,1-1,West Ham,2025-09-29,Premier League,2025-26
Birmingham City,2-2,Sheffield Wednesday,2025-09-30,Championship,2025-26
Blackburn Rovers,1-2,Swansea City,2025-09-30,Championship,2025-26
Bristol City,1-1,Ipswich Town,2025-09-30,Championship,2025-26
Hull City,2-2,Preston North End,2025-09-30,Championship,2025-26
Leicester City,1-1,Wrexham,2025-09-30,Championship,2025-26
Middlesbrough,0-0,Stoke City,2025-09-30,Championship,2025-26
Sheffield United,1-2,Southampton,2025-09-30,Championship,2025-26
Derby County,1-1,Charlton Athletic,2025-09-30,Championship,2025-26
Blackpool,2-2,Luton Town,2025-09-30,League One,2025-26
Cardiff City,0-1,Burton Albion,2025-09-30,League One,2025-26
Aldershot Town,1-1,Braintree Town,2025-09-30,National League,2025-26
Boreham Wood,1-1,Southend United,2025-09-30,National League,2025-26
Morecambe,2-5,Gateshead,2025-09-30,National League,2025-26
Solihull Moors,0-3,Woking,2025-09-30,National League,2025-26
Sutton United,1-2,Yeovil Town,2025-09-30,National League,2025-26
Truro City,0-2,Eastleigh,2025-09-30,National League,2025-26
Millwall,0-4,Coventry City,2025-10-01,Championship,2025-26
Norwich City,0-1,West Bromwich,2025-10-01,Championship,2025-26
Portsmouth,2-2,Watford,2025-10-01,Championship,2025-26
Queens Park Rangers,0-0,Oxford United,2025-10-01,Championship,2025-26
Altrincham,1-2,Tamworth,2025-10-01,National League,2025-26
Boston United,0-0,Forest Green Rovers,2025-10-01,National League,2025-26
Brackley Town,0-2,Wealdstone,2025-10-01,National League,2025-26
Carlisle United,3-1,Hartlepool United,2025-10-01,National League,2025-26
Rochdale,1-2,FC Halifax Town,2025-10-01,National League,2025-26
York City,1-3,Scunthorpe United,2025-10-01,National League,2025-26
Rotherham United,2-2,Bradford City,2025-10-02,League One,2025-26
Bournemouth,3-1,Fulham,2025-10-03,Premier League,2025-26
Wrexham,1-1,Birmingham City,2025-10-03,Championship,2025-26
Leeds United,1-2,Tottenham Hotspur,2025-10-04,Premier League,2025-26
Arsenal,2-0,West Ham,2025-10-04,Premier League,2025-26
Manchester United,2-0,Sunderland,2025-10-04,Premier League,2025-26
Blackburn Rovers,1-1,Stoke City,2025-10-04,Championship,2025-26
Hull City,1-0,Sheffield United,2025-10-04,Championship,2025-26
Sheffield Wednesday,0-5,Coventry City,2025-10-04,Championship,2025-26
Bristol City,1-2,Queens Park Rangers,2025-10-04,Championship,2025-26
Derby County,1-1,Southampton,2025-10-04,Championship,2025-26
Millwall,3-0,West Bromwich,2025-10-04,Championship,2025-26
Portsmouth,1-0,Middlesbrough,2025-10-04,Championship,2025-26
Preston North End,2-0,Charlton Athletic,2025-10-04,Championship,2025-26
Swansea City,1-3,Leicester City,2025-10-04,Championship,2025-26
Watford,2-1,Oxford United,2025-10-04,Championship,2025-26
Doncaster Rovers,1-1,Burton Albion,2025-10-04,League One,2025-26
Wycombe Wanderers,2-2,Barnsley,2025-10-04,League One,2025-26
Blackpool,0-2,AFC Wimbledon,2025-10-04,League One,2025-26
Bolton Wanderers,2-1,Peterborough,2025-10-04,League One,2025-26
Cardiff City,4-3,Leyton Orient,2025-10-04,League One,2025-26
Huddersfield Town,1-2,Stockport County,2025-10-04,League One,2025-26
Lincoln City,0-1,Exeter City,2025-10-04,League One,2025-26
Plymouth Argyle,1-1,Wigan Athletic,2025-10-04,League One,2025-26
Port Vale,0-0,Northampton Town,2025-10-04,League One,2025-26
Reading,1-1,Mansfield Town,2025-10-04,League One,2025-26
Stevenage,2-0,Luton Town,2025-10-04,League One,2025-26
Milton Keynes Dons,3-2,Gillingham,2025-10-04,League Two,2025-26
Newport County,0-1,Swindon Town,2025-10-04,League Two,2025-26
Barnet,2-0,Accrington,2025-10-04,League Two,2025-26
Barrow,0-0,Shrewsbury Town,2025-10-04,League Two,2025-26
Bromley,3-3,Tranmere Rovers,2025-10-04,League Two,2025-26
Cheltenham Town,2-0,Fleetwood Town,2025-10-04,League Two,2025-26
Colchester United,6-2,Chesterfield,2025-10-04,League Two,2025-26
Notts County,3-1,Oldham Athletic,2025-10-04,League Two,2025-26
Salford City,0-2,Grimsby Town,2025-10-04,League Two,2025-26
Walsall,2-1,Bristol Rovers,2025-10-04,League Two,2025-26
Gateshead,1-3,Boston United,2025-10-04,National League,2025-26
Hartlepool United,1-2,York City,2025-10-04,National League,2025-26
Braintree Town,0-0,Sutton United,2025-10-04,National League,2025-26
Eastleigh,1-1,Solihull Moors,2025-10-04,National League,2025-26
FC Halifax Town,2-0,Brackley Town,2025-10-04,National League,2025-26
Forest Green Rovers,0-1,Rochdale,2025-10-04,National League,2025-26
Southend United,3-0,Aldershot Town,2025-10-04,National League,2025-26
Tamworth,1-1,Morecambe,2025-10-04,National League,2025-26
Wealdstone,1-1,Altrincham,2025-10-04,National League,2025-26
Woking,2-2,Truro City,2025-10-04,National League,2025-26
Yeovil Town,0-3,Boreham Wood,2025-10-04,National League,2025-26
Cambridge United,3-1,Crawley Town,2025-10-04,League Two,2025-26
Chelsea,2-1,Liverpool,2025-10-04,Premier League,2025-26
Scunthorpe United,0-1,Carlisle United,2025-10-04,National League,2025-26
Ipswich Town,3-1,Norwich City,2025-10-05,Championship,2025-26
Aston Villa,2-1,Burnley,2025-10-05,Premier League,2025-26
Everton,2-1,Crystal Palace,2025-10-05,Premier League,2025-26
Newcastle United,2-0,Nottingham Forest,2025-10-05,Premier League,2025-26
Wolverhampton,1-1,Brighton,2025-10-05,Premier League,2025-26
Brentford,0-1,Manchester City,2025-10-05,Premier League,2025-26
Harrogate Town,1-2,Crewe Alexandra,2025-10-06,League Two,2025-26
Scunthorpe United,3-1,Morecambe,2025-10-07,National League,2025-26
Northampton Town,1-2,Rotherham United,2025-10-11,League One,2025-26
AFC Wimbledon,1-1,Port Vale,2025-10-11,League One,2025-26
Burton Albion,3-0,Bolton Wanderers,2025-10-11,League One,2025-26
Exeter City,1-1,Reading,2025-10-11,League One,2025-26
Leyton Orient,4-0,Doncaster Rovers,2025-10-11,League One,2025-26
Stockport County,1-0,Blackpool,2025-10-11,League One,2025-26
Wigan Athletic,0-1,Wycombe Wanderers,2025-10-11,League One,2025-26
Accrington,0-1,Newport County,2025-10-11,League Two,2025-26
Bristol Rovers,0-4,Milton Keynes Dons,2025-10-11,League Two,2025-26
Chesterfield,2-0,Salford City,2025-10-11,League Two,2025-26
Crawley Town,1-1,Walsall,2025-10-11,League Two,2025-26
Crewe Alexandra,0-1,Bromley,2025-10-11,League Two,2025-26
Fleetwood Town,3-2,Harrogate Town,2025-10-11,League Two,2025-26
Gillingham,1-1,Cheltenham Town,2025-10-11,League Two,2025-26
Grimsby Town,1-2,Colchester United,2025-10-11,League Two,2025-26
Shrewsbury Town,2-0,Cambridge United,2025-10-11,League Two,2025-26
Tranmere Rovers,0-2,Barnet,2025-10-11,League Two,2025-26
Oldham Athletic,0-0,Barrow,2025-10-11,League Two,2025-26
Huddersfield Town,1-2,Bolton Wanderers,2025-10-16,League One,2025-26
Middlesbrough,2-1,Ipswich Town,2025-10-17,Championship,2025-26
Nottingham Forest,0-3,Chelsea,2025-10-18,Premier League,2025-26
Brighton,2-1,Newcastle United,2025-10-18,Premier League,2025-26
Burnley,2-0,Leeds United,2025-10-18,Premier League,2025-26
Crystal Palace,3-3,Bournemouth,2025-10-18,Premier League,2025-26
Manchester City,2-0,Everton,2025-10-18,Premier League,2025-26
Sunderland,2-0,Wolverhampton,2025-10-18,Premier League,2025-26
Oxford United,1-0,Derby County,2025-10-18,Championship,2025-26
Queens Park Rangers,1-2,Millwall,2025-10-18,Championship,2025-26
Southampton,0-0,Swansea City,2025-10-18,Championship,2025-26
Birmingham City,2-3,Hull City,2025-10-18,Championship,2025-26
Charlton Athletic,2-1,Sheffield Wednesday,2025-10-18,Championship,2025-26
Coventry City,2-0,Blackburn Rovers,2025-10-18,Championship,2025-26
Norwich City,0-1,Bristol City,2025-10-18,Championship,2025-26
Sheffield United,1-0,Watford,2025-10-18,Championship,2025-26
Stoke City,1-0,Wrexham,2025-10-18,Championship,2025-26
West Bromwich,2-1,Preston North End,2025-10-18,Championship,2025-26
Burton Albion,0-1,Peterborough,2025-10-18,League One,2025-26
Lincoln City,1-0,Stevenage,2025-10-18,League One,2025-26
Blackpool,1-1,Wycombe Wanderers,2025-10-18,League One,2025-26
Bradford City,2-2,Barnsley,2025-10-18,League One,2025-26
Cardiff City,2-1,Reading,2025-10-18,League One,2025-26
Doncaster Rovers,1-2,Northampton Town,2025-10-18,League One,2025-26
Luton Town,0-2,Mansfield Town,2025-10-18,League One,2025-26
Plymouth Argyle,1-2,AFC Wimbledon,2025-10-18,League One,2025-26
Rotherham United,1-0,Leyton Orient,2025-10-18,League One,2025-26
Wigan Athletic,1-0,Port Vale,2025-10-18,League One,2025-26
Stockport County,1-0,Exeter City,2025-10-18,League One,2025-26
Cambridge United,2-1,Bromley,2025-10-18,League Two,2025-26
Salford City,1-0,Oldham Athletic,2025-10-18,League Two,2025-26
Accrington,4-0,Swindon Town,2025-10-18,League Two,2025-26
Barnet,0-1,Notts County,2025-10-18,League Two,2025-26
Bristol Rovers,1-4,Tranmere Rovers,2025-10-18,League Two,2025-26
Chesterfield,1-1,Fleetwood Town,2025-10-18,League Two,2025-26
Colchester United,3-1,Harrogate Town,2025-10-18,League Two,2025-26
Grimsby Town,1-0,Gillingham,2025-10-18,League Two,2025-26
Milton Keynes Dons,3-1,Crewe Alexandra,2025-10-18,League Two,2025-26
Newport County,0-2,Cheltenham Town,2025-10-18,League Two,2025-26
Shrewsbury Town,1-0,Crawley Town,2025-10-18,League Two,2025-26
Walsall,1-2,Barrow,2025-10-18,League Two,2025-26
Solihull Moors,2-0,Braintree Town,2025-10-18,National League,2025-26
Aldershot Town,1-2,Tamworth,2025-10-18,National League,2025-26
Altrincham,1-3,Woking,2025-10-18,National League,2025-26
Boreham Wood,2-0,Eastleigh,2025-10-18,National League,2025-26
Boston United,1-1,Scunthorpe United,2025-10-18,National League,2025-26
Brackley Town,0-0,Gateshead,2025-10-18,National League,2025-26
Morecambe,0-3,Southend United,2025-10-18,National League,2025-26
Rochdale,3-0,Yeovil Town,2025-10-18,National League,2025-26
Truro City,2-1,FC Halifax Town,2025-10-18,National League,2025-26
York City,4-0,Wealdstone,2025-10-18,National League,2025-26
Fulham,0-1,Arsenal,2025-10-18,Premier League,2025-26
Carlisle United,4-2,Forest Green Rovers,2025-10-18,National League,2025-26
Sutton United,3-3,Hartlepool United,2025-10-18,National League,2025-26
Leicester City,1-1,Portsmouth,2025-10-18,Championship,2025-26
Tottenham Hotspur,1-2,Aston Villa,2025-10-19,Premier League,2025-26
Liverpool,1-2,Manchester United,2025-10-19,Premier League,2025-26
West Ham,0-2,Brentford,2025-10-20,Premier League,2025-26
Blackburn Rovers,1-3,Sheffield United,2025-10-21,Championship,2025-26
Derby County,1-0,Norwich City,2025-10-21,Championship,2025-26
Hull City,2-1,Leicester City,2025-10-21,Championship,2025-26
Ipswich Town,0-3,Charlton Athletic,2025-10-21,Championship,2025-26
Millwall,2-0,Stoke City,2025-10-21,Championship,2025-26
Portsmouth,1-2,Coventry City,2025-10-21,Championship,2025-26
Preston North End,0-1,Birmingham City,2025-10-21,Championship,2025-26
Bristol City,3-1,Southampton,2025-10-21,Championship,2025-26
Reading,1-0,Northampton Town,2025-10-21,League One,2025-26
Swindon Town,2-2,Notts County,2025-10-21,League Two,2025-26
Boston United,0-4,Morecambe,2025-10-21,National League,2025-26
York City,2-2,Boreham Wood,2025-10-21,National League,2025-26
Swansea City,0-1,Queens Park Rangers,2025-10-22,Championship,2025-26
Watford,2-1,West Bromwich,2025-10-22,Championship,2025-26
Wrexham,1-0,Oxford United,2025-10-22,Championship,2025-26
Sheffield Wednesday,0-1,Middlesbrough,2025-10-22,Championship,2025-26
Exeter City,2-0,Plymouth Argyle,2025-10-23,League One,2025-26
Leeds United,2-1,West Ham,2025-10-24,Premier League,2025-26
Preston North End,3-2,Sheffield United,2025-10-24,Championship,2025-26
Chelsea,1-2,Sunderland,2025-10-25,Premier League,2025-26
Newcastle United,2-1,Fulham,2025-10-25,Premier League,2025-26
Coventry City,3-1,Watford,2025-10-25,Championship,2025-26
Ipswich Town,1-0,West Bromwich,2025-10-25,Championship,2025-26
Portsmouth,0-1,Stoke City,2025-10-25,Championship,2025-26
Blackburn Rovers,2-1,Southampton,2025-10-25,Championship,2025-26
Bristol City,1-0,Birmingham City,2025-10-25,Championship,2025-26
Derby County,1-0,Queens Park Rangers,2025-10-25,Championship,2025-26
Hull City,1-1,Charlton Athletic,2025-10-25,Championship,2025-26
Middlesbrough,1-1,Wrexham,2025-10-25,Championship,2025-26
Millwall,1-0,Leicester City,2025-10-25,Championship,2025-26
Sheffield Wednesday,1-2,Oxford United,2025-10-25,Championship,2025-26
Swansea City,2-1,Norwich City,2025-10-25,Championship,2025-26
Bolton Wanderers,1-0,Cardiff City,2025-10-25,League One,2025-26
Mansfield Town,1-1,Wigan Athletic,2025-10-25,League One,2025-26
AFC Wimbledon,0-1,Burton Albion,2025-10-25,League One,2025-26
Barnsley,0-1,Rotherham United,2025-10-25,League One,2025-26
Leyton Orient,1-0,Lincoln City,2025-10-25,League One,2025-26
Northampton Town,0-1,Luton Town,2025-10-25,League One,2025-26
Peterborough,1-2,Blackpool,2025-10-25,League One,2025-26
Reading,1-1,Doncaster Rovers,2025-10-25,League One,2025-26
Stevenage,1-1,Bradford City,2025-10-25,League One,2025-26
Wycombe Wanderers,3-0,Huddersfield Town,2025-10-25,League One,2025-26
Cheltenham Town,1-0,Walsall,2025-10-25,League Two,2025-26
Fleetwood Town,2-1,Accrington,2025-10-25,League Two,2025-26
Barrow,2-2,Barnet,2025-10-25,League Two,2025-26
Bromley,2-1,Milton Keynes Dons,2025-10-25,League Two,2025-26
Crawley Town,4-0,Bristol Rovers,2025-10-25,League Two,2025-26
Crewe Alexandra,3-2,Grimsby Town,2025-10-25,League Two,2025-26
Gillingham,1-2,Salford City,2025-10-25,League Two,2025-26
Harrogate Town,0-3,Newport County,2025-10-25,League Two,2025-26
Notts County,2-0,Cambridge United,2025-10-25,League Two,2025-26
Oldham Athletic,2-2,Shrewsbury Town,2025-10-25,League Two,2025-26
Swindon Town,0-0,Colchester United,2025-10-25,League Two,2025-26
Tranmere Rovers,1-1,Chesterfield,2025-10-25,League Two,2025-26
FC Halifax Town,1-1,York City,2025-10-25,National League,2025-26
Braintree Town,0-0,Altrincham,2025-10-25,National League,2025-26
Eastleigh,2-1,Morecambe,2025-10-25,National League,2025-26
Forest Green Rovers,2-1,Boreham Wood,2025-10-25,National League,2025-26
Gateshead,2-2,Truro City,2025-10-25,National League,2025-26
Hartlepool United,2-0,Solihull Moors,2025-10-25,National League,2025-26
Scunthorpe United,2-1,Aldershot Town,2025-10-25,National League,2025-26
Southend United,2-0,Brackley Town,2025-10-25,National League,2025-26
Wealdstone,4-2,Sutton United,2025-10-25,National League,2025-26
Woking,0-0,Rochdale,2025-10-25,National League,2025-26
Yeovil Town,1-1,Carlisle United,2025-10-25,National League,2025-26
Manchester United,4-2,Brighton,2025-10-25,Premier League,2025-26
Tamworth,1-3,Boston United,2025-10-25,National League,2025-26
Brentford,3-2,Liverpool,2025-10-25,Premier League,2025-26
Bournemouth,2-0,Nottingham Forest,2025-10-26,Premier League,2025-26
Arsenal,1-0,Crystal Palace,2025-10-26,Premier League,2025-26
Aston Villa,1-0,Manchester City,2025-10-26,Premier League,2025-26
Wolverhampton,2-3,Burnley,2025-10-26,Premier League,2025-26
Everton,0-3,Tottenham Hotspur,2025-10-26,Premier League,2025-26
Port Vale,0-3,Stockport County,2025-10-27,League One,2025-26
Bradford City,0-0,Lincoln City,2025-10-28,League One,2025-26
Mansfield Town,2-0,Plymouth Argyle,2025-10-28,League One,2025-26
Accrington,1-1,Tranmere Rovers,2025-10-28,League Two,2025-26
Wrexham,3-2,Coventry City,2025-10-31,Championship,2025-26
Leicester City,0-2,Blackburn Rovers,2025-11-01,Championship,2025-26
Norwich City,0-2,Hull City,2025-11-01,Championship,2025-26
West Bromwich,0-0,Sheffield Wednesday,2025-11-01,Championship,2025-26
Birmingham City,4-0,Portsmouth,2025-11-01,Championship,2025-26
Charlton Athletic,1-1,Swansea City,2025-11-01,Championship,2025-26
Oxford United,2-2,Millwall,2025-11-01,Championship,2025-26
Queens Park Rangers,1-4,Ipswich Town,2025-11-01,Championship,2025-26
Sheffield United,1-3,Derby County,2025-11-01,Championship,2025-26
Southampton,0-2,Preston North End,2025-11-01,Championship,2025-26
Stoke City,5-1,Bristol City,2025-11-01,Championship,2025-26
Watford,3-0,Middlesbrough,2025-11-01,Championship,2025-26
Brighton,3-0,Leeds United,2025-11-01,Premier League,2025-26
Burnley,0-2,Arsenal,2025-11-01,Premier League,2025-26
Crystal Palace,2-0,Brentford,2025-11-01,Premier League,2025-26
Fulham,3-0,Wolverhampton,2025-11-01,Premier League,2025-26
Nottingham Forest,2-2,Manchester United,2025-11-01,Premier League,2025-26
Tottenham Hotspur,0-1,Chelsea,2025-11-01,Premier League,2025-26
Liverpool,2-0,Aston Villa,2025-11-01,Premier League,2025-26
West Ham,3-1,Newcastle United,2025-11-02,Premier League,2025-26
Manchester City,3-1,Bournemouth,2025-11-02,Premier League,2025-26
Sunderland,1-1,Everton,2025-11-03,Premier League,2025-26
Birmingham City,4-0,Millwall,2025-11-04,Championship,2025-26
Bristol City,0-1,Blackburn Rovers,2025-11-04,Championship,2025-26
Charlton Athletic,1-0,West Bromwich,2025-11-04,Championship,2025-26
Derby County,2-1,Hull City,2025-11-04,Championship,2025-26
Ipswich Town,1-1,Watford,2025-11-04,Championship,2025-26
Leicester City,1-1,Middlesbrough,2025-11-04,Championship,2025-26
Oxford United,0-3,Stoke City,2025-11-04,Championship,2025-26
Coventry City,3-1,Sheffield United,2025-11-04,Championship,2025-26
Rotherham United,2-2,Burton Albion,2025-11-04,League One,2025-26
Boreham Wood,1-0,Aldershot Town,2025-11-04,National League,2025-26
Carlisle United,2-0,FC Halifax Town,2025-11-04,National League,2025-26
Hartlepool United,1-1,Morecambe,2025-11-04,National League,2025-26
Yeovil Town,0-2,Wealdstone,2025-11-04,National League,2025-26
Preston North End,2-1,Swansea City,2025-11-05,Championship,2025-26
Queens Park Rangers,1-2,Southampton,2025-11-05,Championship,2025-26
Sheffield Wednesday,1-1,Norwich City,2025-11-05,Championship,2025-26
Portsmouth,0-0,Wrexham,2025-11-05,Championship,2025-26
Altrincham,1-0,Boston United,2025-11-05,National League,2025-26
Braintree Town,0-1,Brackley Town,2025-11-05,National League,2025-26
Solihull Moors,4-0,Truro City,2025-11-05,National League,2025-26
Sutton United,2-1,Eastleigh,2025-11-05,National League,2025-26
Woking,1-1,Southend United,2025-11-05,National League,2025-26
York City,4-0,Gateshead,2025-11-05,National League,2025-26
Reading,1-0,Stevenage,2025-11-06,League One,2025-26
Watford,1-1,Bristol City,2025-11-07,Championship,2025-26
Tottenham Hotspur,2-2,Manchester United,2025-11-08,Premier League,2025-26
Everton,2-0,Fulham,2025-11-08,Premier League,2025-26
West Ham,3-2,Burnley,2025-11-08,Premier League,2025-26
Blackburn Rovers,1-2,Derby County,2025-11-08,Championship,2025-26
Hull City,3-2,Portsmouth,2025-11-08,Championship,2025-26
Millwall,1-1,Preston North End,2025-11-08,Championship,2025-26
Middlesbrough,2-1,Birmingham City,2025-11-08,Championship,2025-26
Norwich City,1-2,Leicester City,2025-11-08,Championship,2025-26
Sheffield United,0-0,Queens Park Rangers,2025-11-08,Championship,2025-26
Southampton,3-1,Sheffield Wednesday,2025-11-08,Championship,2025-26
Stoke City,0-1,Coventry City,2025-11-08,Championship,2025-26
Swansea City,1-4,Ipswich Town,2025-11-08,Championship,2025-26
West Bromwich,2-1,Oxford United,2025-11-08,Championship,2025-26
Wrexham,1-0,Charlton Athletic,2025-11-08,Championship,2025-26
Northampton Town,2-1,Mansfield Town,2025-11-08,League One,2025-26
Wycombe Wanderers,4-1,Leyton Orient,2025-11-08,League One,2025-26
Blackpool,3-1,Cardiff City,2025-11-08,League One,2025-26
Bolton Wanderers,4-0,Port Vale,2025-11-08,League One,2025-26
Bradford City,1-2,Burton Albion,2025-11-08,League One,2025-26
Doncaster Rovers,1-2,Barnsley,2025-11-08,League One,2025-26
Exeter City,1-1,Wigan Athletic,2025-11-08,League One,2025-26
Huddersfield Town,3-1,Plymouth Argyle,2025-11-08,League One,2025-26
Peterborough,5-0,AFC Wimbledon,2025-11-08,League One,2025-26
Rotherham United,3-0,Lincoln City,2025-11-08,League One,2025-26
Stockport County,0-3,Luton Town,2025-11-08,League One,2025-26
Colchester United,0-2,Bromley,2025-11-08,League Two,2025-26
Crewe Alexandra,3-1,Shrewsbury Town,2025-11-08,League Two,2025-26
Barnet,2-2,Milton Keynes Dons,2025-11-08,League Two,2025-26
Barrow,2-2,Grimsby Town,2025-11-08,League Two,2025-26
Bristol Rovers,0-1,Gillingham,2025-11-08,League Two,2025-26
Chesterfield,3-3,Accrington,2025-11-08,League Two,2025-26
Crawley Town,2-1,Fleetwood Town,2025-11-08,League Two,2025-26
Harrogate Town,0-1,Oldham Athletic,2025-11-08,League Two,2025-26
Newport County,2-4,Walsall,2025-11-08,League Two,2025-26
Salford City,0-0,Cambridge United,2025-11-08,League Two,2025-26
Swindon Town,2-1,Tranmere Rovers,2025-11-08,League Two,2025-26
Aldershot Town,2-3,Forest Green Rovers,2025-11-08,National League,2025-26
Boston United,1-3,Rochdale,2025-11-08,National League,2025-26
Brackley Town,1-3,Boreham Wood,2025-11-08,National League,2025-26
Eastleigh,2-4,York City,2025-11-08,National League,2025-26
FC Halifax Town,0-1,Hartlepool United,2025-11-08,National League,2025-26
Gateshead,0-2,Solihull Moors,2025-11-08,National League,2025-26
Morecambe,2-2,Sutton United,2025-11-08,National League,2025-26
Scunthorpe United,1-0,Yeovil Town,2025-11-08,National League,2025-26
Tamworth,0-1,Woking,2025-11-08,National League,2025-26
Truro City,0-1,Altrincham,2025-11-08,National League,2025-26
Wealdstone,1-0,Braintree Town,2025-11-08,National League,2025-26
Sunderland,2-2,Arsenal,2025-11-08,Premier League,2025-26
Chelsea,3-0,Wolverhampton,2025-11-08,Premier League,2025-26
Southend United,1-2,Carlisle United,2025-11-08,National League,2025-26
Aston Villa,4-0,Bournemouth,2025-11-09,Premier League,2025-26
Brentford,3-1,Newcastle United,2025-11-09,Premier League,2025-26
Crystal Palace,0-0,Brighton,2025-11-09,Premier League,2025-26
Nottingham Forest,3-1,Leeds United,2025-11-09,Premier League,2025-26
Manchester City,3-0,Liverpool,2025-11-09,Premier League,2025-26
Cheltenham Town,1-2,Notts County,2025-11-10,League Two,2025-26
Forest Green Rovers,4-2,Tamworth,2025-11-11,National League,2025-26
York City,4-1,Rochdale,2025-11-11,National League,2025-26
Burton Albion,1-0,Blackpool,2025-11-15,League One,2025-26
Leyton Orient,2-1,Exeter City,2025-11-15,League One,2025-26
Lincoln City,2-1,Doncaster Rovers,2025-11-15,League One,2025-26
Luton Town,0-0,Rotherham United,2025-11-15,League One,2025-26
Port Vale,0-0,Wycombe Wanderers,2025-11-15,League One,2025-26
Accrington,3-1,Bristol Rovers,2025-11-15,League Two,2025-26
Bromley,2-1,Barrow,2025-11-15,League Two,2025-26
Cambridge United,0-0,Barnet,2025-11-15,League Two,2025-26
Fleetwood Town,1-1,Swindon Town,2025-11-15,League Two,2025-26
Grimsby Town,0-1,Chesterfield,2025-11-15,League Two,2025-26
Milton Keynes Dons,2-0,Salford City,2025-11-15,League Two,2025-26
Notts County,1-1,Harrogate Town,2025-11-15,League Two,2025-26
Oldham Athletic,0-0,Crewe Alexandra,2025-11-15,League Two,2025-26
Shrewsbury Town,1-0,Newport County,2025-11-15,League Two,2025-26
Tranmere Rovers,3-2,Cheltenham Town,2025-11-15,League Two,2025-26
Walsall,0-2,Colchester United,2025-11-15,League Two,2025-26
Gillingham,2-2,Crawley Town,2025-11-15,League Two,2025-26
Altrincham,2-1,Brackley Town,2025-11-15,National League,2025-26
Boreham Wood,1-2,Tamworth,2025-11-15,National League,2025-26
Braintree Town,2-0,Truro City,2025-11-15,National League,2025-26
Carlisle United,1-1,Eastleigh,2025-11-15,National League,2025-26
Forest Green Rovers,3-1,Gateshead,2025-11-15,National League,2025-26
Hartlepool United,1-1,Wealdstone,2025-11-15,National League,2025-26
Rochdale,1-0,Aldershot Town,2025-11-15,National League,2025-26
Solihull Moors,3-0,Scunthorpe United,2025-11-15,National League,2025-26
Sutton United,2-0,FC Halifax Town,2025-11-15,National League,2025-26
Woking,1-1,Boston United,2025-11-15,National League,2025-26
Yeovil Town,0-1,Southend United,2025-11-15,National League,2025-26
York City,4-2,Morecambe,2025-11-15,National League,2025-26
Peterborough,3-0,Stockport County,2025-11-20,League One,2025-26
Preston North End,1-2,Blackburn Rovers,2025-11-21,Championship,2025-26
Burnley,0-2,Chelsea,2025-11-22,Premier League,2025-26
Bournemouth,2-2,West Ham,2025-11-22,Premier League,2025-26
Brighton,2-1,Brentford,2025-11-22,Premier League,2025-26
Fulham,1-0,Sunderland,2025-11-22,Premier League,2025-26
Liverpool,0-3,Nottingham Forest,2025-11-22,Premier League,2025-26
Wolverhampton,0-2,Crystal Palace,2025-11-22,Premier League,2025-26
Newcastle United,2-1,Manchester City,2025-11-22,Premier League,2025-26
Bristol City,3-0,Swansea City,2025-11-22,Championship,2025-26
Charlton Athletic,1-5,Southampton,2025-11-22,Championship,2025-26
Coventry City,3-2,West Bromwich,2025-11-22,Championship,2025-26
Birmingham City,4-1,Norwich City,2025-11-22,Championship,2025-26
Derby County,2-3,Watford,2025-11-22,Championship,2025-26
Ipswich Town,0-0,Wrexham,2025-11-22,Championship,2025-26
Leicester City,2-1,Stoke City,2025-11-22,Championship,2025-26
Oxford United,1-1,Middlesbrough,2025-11-22,Championship,2025-26
Portsmouth,3-1,Millwall,2025-11-22,Championship,2025-26
Queens Park Rangers,3-2,Hull City,2025-11-22,Championship,2025-26
Port Vale,0-1,Plymouth Argyle,2025-11-22,League One,2025-26
AFC Wimbledon,1-2,Wigan Athletic,2025-11-22,League One,2025-26
Barnsley,5-0,Luton Town,2025-11-22,League One,2025-26
Bolton Wanderers,0-0,Bradford City,2025-11-22,League One,2025-26
Leyton Orient,1-1,Blackpool,2025-11-22,League One,2025-26
Mansfield Town,1-3,Huddersfield Town,2025-11-22,League One,2025-26
Northampton Town,1-3,Cardiff City,2025-11-22,League One,2025-26
Reading,1-1,Rotherham United,2025-11-22,League One,2025-26
Stevenage,0-0,Doncaster Rovers,2025-11-22,League One,2025-26
Wycombe Wanderers,3-2,Lincoln City,2025-11-22,League One,2025-26
Gillingham,1-1,Barnet,2025-11-22,League Two,2025-26
Harrogate Town,0-2,Walsall,2025-11-22,League Two,2025-26
Barrow,0-2,Cambridge United,2025-11-22,League Two,2025-26
Bromley,2-0,Salford City,2025-11-22,League Two,2025-26
Cheltenham Town,1-0,Bristol Rovers,2025-11-22,League Two,2025-26
Crawley Town,1-1,Accrington,2025-11-22,League Two,2025-26
Crewe Alexandra,3-3,Chesterfield,2025-11-22,League Two,2025-26
Fleetwood Town,3-1,Shrewsbury Town,2025-11-22,League Two,2025-26
Notts County,1-3,Colchester United,2025-11-22,League Two,2025-26
Oldham Athletic,3-0,Newport County,2025-11-22,League Two,2025-26
Swindon Town,2-2,Grimsby Town,2025-11-22,League Two,2025-26
Tranmere Rovers,2-2,Milton Keynes Dons,2025-11-22,League Two,2025-26
Aldershot Town,1-2,Woking,2025-11-22,National League,2025-26
Tamworth,1-2,Rochdale,2025-11-22,National League,2025-26
Brackley Town,2-3,York City,2025-11-22,National League,2025-26
Eastleigh,0-2,Hartlepool United,2025-11-22,National League,2025-26
FC Halifax Town,3-0,Solihull Moors,2025-11-22,National League,2025-26
Gateshead,0-3,Boreham Wood,2025-11-22,National League,2025-26
Morecambe,0-0,Yeovil Town,2025-11-22,National League,2025-26
Scunthorpe United,1-1,Braintree Town,2025-11-22,National League,2025-26
Southend United,3-0,Altrincham,2025-11-22,National League,2025-26
Truro City,2-3,Sutton United,2025-11-22,National League,2025-26
Wealdstone,1-1,Forest Green Rovers,2025-11-22,National League,2025-26
Boston United,1-2,Carlisle United,2025-11-22,National League,2025-26
Morecambe,2-0,Brackley Town,2025-11-23,National League,2025-26
Leeds United,1-2,Aston Villa,2025-11-23,Premier League,2025-26
Sheffield Wednesday,0-3,Sheffield United,2025-11-23,Championship,2025-26
Arsenal,4-1,Tottenham Hotspur,2025-11-23,Premier League,2025-26
Manchester United,0-1,Everton,2025-11-24,Premier League,2025-26
Hull City,0-2,Ipswich Town,2025-11-25,Championship,2025-26
Middlesbrough,2-4,Coventry City,2025-11-25,Championship,2025-26
Norwich City,1-1,Oxford United,2025-11-25,Championship,2025-26
Stoke City,3-0,Charlton Athletic,2025-11-25,Championship,2025-26
Swansea City,1-2,Derby County,2025-11-25,Championship,2025-26
Watford,1-1,Preston North End,2025-11-25,Championship,2025-26
Southampton,3-0,Leicester City,2025-11-25,Championship,2025-26
Luton Town,2-1,Huddersfield Town,2025-11-25,League One,2025-26
Peterborough,0-1,Stevenage,2025-11-25,League One,2025-26
Blackburn Rovers,0-1,Queens Park Rangers,2025-11-26,Championship,2025-26
Millwall,1-0,Sheffield Wednesday,2025-11-26,Championship,2025-26
Sheffield United,3-0,Portsmouth,2025-11-26,Championship,2025-26
Wrexham,2-0,Bristol City,2025-11-26,Championship,2025-26
West Bromwich,1-1,Birmingham City,2025-11-26,Championship,2025-26
Grimsby Town,1-2,Tranmere Rovers,2025-11-27,League Two,2025-26
Oxford United,2-1,Ipswich Town,2025-11-28,Championship,2025-26
Leicester City,2-3,Sheffield United,2025-11-29,Championship,2025-26
Portsmouth,0-1,Bristol City,2025-11-29,Championship,2025-26
Stoke City,1-2,Hull City,2025-11-29,Championship,2025-26
Coventry City,3-1,Charlton Athletic,2025-11-29,Championship,2025-26
Middlesbrough,2-1,Derby County,2025-11-29,Championship,2025-26
Millwall,3-2,Southampton,2025-11-29,Championship,2025-26
Norwich City,3-1,Queens Park Rangers,2025-11-29,Championship,2025-26
Sheffield Wednesday,2-3,Preston North End,2025-11-29,Championship,2025-26
West Bromwich,3-2,Swansea City,2025-11-29,Championship,2025-26
Wrexham,1-1,Blackburn Rovers,2025-11-29,Championship,2025-26
Blackpool,0-3,Reading,2025-11-29,League One,2025-26
Stockport County,1-1,Barnsley,2025-11-29,League One,2025-26
Bradford City,1-0,Exeter City,2025-11-29,League One,2025-26
Burton Albion,0-4,Leyton Orient,2025-11-29,League One,2025-26
Cardiff City,3-0,Mansfield Town,2025-11-29,League One,2025-26
Doncaster Rovers,2-1,Peterborough,2025-11-29,League One,2025-26
Huddersfield Town,3-3,AFC Wimbledon,2025-11-29,League One,2025-26
Lincoln City,1-0,Port Vale,2025-11-29,League One,2025-26
Luton Town,1-1,Bolton Wanderers,2025-11-29,League One,2025-26
Plymouth Argyle,0-3,Northampton Town,2025-11-29,League One,2025-26
Rotherham United,1-1,Wycombe Wanderers,2025-11-29,League One,2025-26
Wigan Athletic,0-0,Stevenage,2025-11-29,League One,2025-26
Accrington,1-0,Oldham Athletic,2025-11-29,League Two,2025-26
Milton Keynes Dons,2-1,Fleetwood Town,2025-11-29,League Two,2025-26
Barnet,1-1,Harrogate Town,2025-11-29,League Two,2025-26
Bristol Rovers,0-1,Notts County,2025-11-29,League Two,2025-26
Cambridge United,2-1,Crewe Alexandra,2025-11-29,League Two,2025-26
Chesterfield,1-2,Swindon Town,2025-11-29,League Two,2025-26
Colchester United,2-0,Cheltenham Town,2025-11-29,League Two,2025-26
Newport County,2-2,Barrow,2025-11-29,League Two,2025-26
Salford City,4-3,Crawley Town,2025-11-29,League Two,2025-26
Shrewsbury Town,3-3,Gillingham,2025-11-29,League Two,2025-26
Walsall,3-1,Bromley,2025-11-29,League Two,2025-26
Solihull Moors,1-1,Wealdstone,2025-11-29,National League,2025-26
Altrincham,4-2,Scunthorpe United,2025-11-29,National League,2025-26
Braintree Town,1-0,Morecambe,2025-11-29,National League,2025-26
Carlisle United,2-1,Tamworth,2025-11-29,National League,2025-26
Forest Green Rovers,2-1,Southend United,2025-11-29,National League,2025-26
Hartlepool United,3-1,Truro City,2025-11-29,National League,2025-26
Rochdale,2-0,Eastleigh,2025-11-29,National League,2025-26
Sutton United,4-2,Gateshead,2025-11-29,National League,2025-26
Woking,2-0,Brackley Town,2025-11-29,National League,2025-26
Yeovil Town,2-1,Boston United,2025-11-29,National League,2025-26
York City,5-1,Aldershot Town,2025-11-29,National League,2025-26
Brentford,3-1,Burnley,2025-11-29,Premier League,2025-26
Manchester City,3-2,Leeds United,2025-11-29,Premier League,2025-26
Sunderland,3-2,Bournemouth,2025-11-29,Premier League,2025-26
Everton,1-4,Newcastle United,2025-11-29,Premier League,2025-26
Tottenham Hotspur,1-2,Fulham,2025-11-29,Premier League,2025-26
Boreham Wood,2-1,FC Halifax Town,2025-11-29,National League,2025-26
Crystal Palace,1-2,Manchester United,2025-11-30,Premier League,2025-26
Aston Villa,1-0,Wolverhampton,2025-11-30,Premier League,2025-26
Nottingham Forest,0-2,Brighton,2025-11-30,Premier League,2025-26
West Ham,0-2,Liverpool,2025-11-30,Premier League,2025-26
Chelsea,1-1,Arsenal,2025-11-30,Premier League,2025-26
Birmingham City,2-1,Watford,2025-12-02,Championship,2025-26
Bournemouth,0-1,Everton,2025-12-02,Premier League,2025-26
Fulham,4-5,Manchester City,2025-12-02,Premier League,2025-26
Newcastle United,2-2,Tottenham Hotspur,2025-12-02,Premier League,2025-26
Blackburn Rovers,1-1,Ipswich Town,2025-12-03,Championship,2025-26
Wigan Athletic,1-0,Burton Albion,2025-12-03,League One,2025-26
Arsenal,2-0,Brentford,2025-12-03,Premier League,2025-26
Brighton,3-4,Aston Villa,2025-12-03,Premier League,2025-26
Burnley,0-1,Crystal Palace,2025-12-03,Premier League,2025-26
Wolverhampton,0-1,Nottingham Forest,2025-12-03,Premier League,2025-26
Leeds United,3-1,Chelsea,2025-12-03,Premier League,2025-26
Liverpool,1-1,Sunderland,2025-12-03,Premier League,2025-26
Manchester United,1-1,West Ham,2025-12-04,Premier League,2025-26
Hull City,1-4,Middlesbrough,2025-12-05,Championship,2025-26
Aston Villa,2-1,Arsenal,2025-12-06,Premier League,2025-26
Bournemouth,0-0,Chelsea,2025-12-06,Premier League,2025-26
Everton,3-0,Nottingham Forest,2025-12-06,Premier League,2025-26
Manchester City,3-0,Sunderland,2025-12-06,Premier League,2025-26
Newcastle United,2-1,Burnley,2025-12-06,Premier League,2025-26
Tottenham Hotspur,2-0,Brentford,2025-12-06,Premier League,2025-26
Leeds United,3-3,Liverpool,2025-12-06,Premier League,2025-26
Derby County,1-3,Leicester City,2025-12-06,Championship,2025-26
Watford,3-2,Norwich City,2025-12-06,Championship,2025-26
Bristol City,0-1,Millwall,2025-12-06,Championship,2025-26
Ipswich Town,3-0,Coventry City,2025-12-06,Championship,2025-26
Preston North End,1-1,Wrexham,2025-12-06,Championship,2025-26
Queens Park Rangers,3-1,West Bromwich,2025-12-06,Championship,2025-26
Sheffield United,4-0,Stoke City,2025-12-06,Championship,2025-26
Southampton,3-1,Birmingham City,2025-12-06,Championship,2025-26
Swansea City,2-0,Oxford United,2025-12-06,Championship,2025-26
Cardiff City,3-2,Huddersfield Town,2025-12-06,League One,2025-26
Plymouth Argyle,0-1,Bradford City,2025-12-06,League One,2025-26
Colchester United,0-0,Gillingham,2025-12-06,League Two,2025-26
Morecambe,0-3,Boston United,2025-12-06,National League,2025-26
Aldershot Town,2-1,Altrincham,2025-12-06,National League,2025-26
FC Halifax Town,4-0,Braintree Town,2025-12-06,National League,2025-26
Forest Green Rovers,1-1,Solihull Moors,2025-12-06,National League,2025-26
Hartlepool United,0-2,Yeovil Town,2025-12-06,National League,2025-26
Scunthorpe United,3-1,Tamworth,2025-12-06,National League,2025-26
Brighton,1-1,West Ham,2025-12-07,Premier League,2025-26
Fulham,1-2,Crystal Palace,2025-12-07,Premier League,2025-26
Wolverhampton,1-4,Manchester United,2025-12-08,Premier League,2025-26
Blackburn Rovers,1-1,Oxford United,2025-12-09,Championship,2025-26
Charlton Athletic,1-2,Middlesbrough,2025-12-09,Championship,2025-26
Preston North End,1-1,Coventry City,2025-12-09,Championship,2025-26
Sheffield United,1-1,Norwich City,2025-12-09,Championship,2025-26
Southampton,3-2,West Bromwich,2025-12-09,Championship,2025-26
Swansea City,1-0,Portsmouth,2025-12-09,Championship,2025-26
Watford,1-1,Sheffield Wednesday,2025-12-09,Championship,2025-26
Queens Park Rangers,2-1,Birmingham City,2025-12-09,Championship,2025-26
Doncaster Rovers,0-2,Stockport County,2025-12-09,League One,2025-26
Exeter City,1-0,AFC Wimbledon,2025-12-09,League One,2025-26
Leyton Orient,1-1,Luton Town,2025-12-09,League One,2025-26
Lincoln City,3-1,Barnsley,2025-12-09,League One,2025-26
Mansfield Town,0-1,Bolton Wanderers,2025-12-09,League One,2025-26
Northampton Town,1-1,Huddersfield Town,2025-12-09,League One,2025-26
Wycombe Wanderers,0-1,Plymouth Argyle,2025-12-09,League One,2025-26
Reading,1-2,Peterborough,2025-12-09,League One,2025-26
Stevenage,0-1,Cardiff City,2025-12-09,League One,2025-26
Barnet,4-0,Bristol Rovers,2025-12-09,League Two,2025-26
Barrow,0-3,Tranmere Rovers,2025-12-09,League Two,2025-26
Bromley,3-1,Crawley Town,2025-12-09,League Two,2025-26
Cambridge United,1-1,Chesterfield,2025-12-09,League Two,2025-26
Fleetwood Town,1-1,Salford City,2025-12-09,League Two,2025-26
Harrogate Town,0-2,Accrington,2025-12-09,League Two,2025-26
Notts County,3-2,Milton Keynes Dons,2025-12-09,League Two,2025-26
Shrewsbury Town,1-1,Grimsby Town,2025-12-09,League Two,2025-26
Swindon Town,0-1,Cheltenham Town,2025-12-09,League Two,2025-26
Bristol City,2-2,Leicester City,2025-12-10,Championship,2025-26
Derby County,1-1,Millwall,2025-12-10,Championship,2025-26
Ipswich Town,1-0,Stoke City,2025-12-10,Championship,2025-26
Hull City,2-0,Wrexham,2025-12-10,Championship,2025-26
Rotherham United,0-3,Blackpool,2025-12-10,League One,2025-26
Crewe Alexandra,2-2,Newport County,2025-12-10,League Two,2025-26
Oldham Athletic,0-1,Walsall,2025-12-10,League Two,2025-26
Carlisle United,1-3,Woking,2025-12-10,National League,2025-26
West Bromwich,2-0,Sheffield United,2025-12-13,Championship,2025-26
Norwich City,2-1,Southampton,2025-12-13,Championship,2025-26
Oxford United,1-2,Preston North End,2025-12-13,Championship,2025-26
Stoke City,2-1,Swansea City,2025-12-13,Championship,2025-26
Birmingham City,1-1,Charlton Athletic,2025-12-13,Championship,2025-26
Coventry City,1-0,Bristol City,2025-12-13,Championship,2025-26
Leicester City,3-1,Ipswich Town,2025-12-13,Championship,2025-26
Middlesbrough,3-1,Queens Park Rangers,2025-12-13,Championship,2025-26
Millwall,1-3,Hull City,2025-12-13,Championship,2025-26
Portsmouth,2-1,Blackburn Rovers,2025-12-13,Championship,2025-26
Wrexham,2-2,Watford,2025-12-13,Championship,2025-26
AFC Wimbledon,0-0,Mansfield Town,2025-12-13,League One,2025-26
Huddersfield Town,1-1,Wigan Athletic,2025-12-13,League One,2025-26
Barnsley,3-2,Leyton Orient,2025-12-13,League One,2025-26
Blackpool,2-2,Lincoln City,2025-12-13,League One,2025-26
Bolton Wanderers,2-1,Exeter City,2025-12-13,League One,2025-26
Bradford City,2-0,Reading,2025-12-13,League One,2025-26
Burton Albion,0-0,Wycombe Wanderers,2025-12-13,League One,2025-26
Cardiff City,4-3,Doncaster Rovers,2025-12-13,League One,2025-26
Luton Town,2-2,Port Vale,2025-12-13,League One,2025-26
Peterborough,2-1,Northampton Town,2025-12-13,League One,2025-26
Plymouth Argyle,1-0,Rotherham United,2025-12-13,League One,2025-26
Stockport County,1-3,Stevenage,2025-12-13,League One,2025-26
Bristol Rovers,0-3,Swindon Town,2025-12-13,League Two,2025-26
Salford City,4-3,Colchester United,2025-12-13,League Two,2025-26
Accrington,0-1,Bromley,2025-12-13,League Two,2025-26
Cheltenham Town,1-1,Harrogate Town,2025-12-13,League Two,2025-26
Chesterfield,3-1,Barnet,2025-12-13,League Two,2025-26
Crawley Town,2-2,Oldham Athletic,2025-12-13,League Two,2025-26
Gillingham,2-2,Barrow,2025-12-13,League Two,2025-26
Grimsby Town,0-2,Notts County,2025-12-13,League Two,2025-26
Milton Keynes Dons,1-1,Cambridge United,2025-12-13,League Two,2025-26
Newport County,0-2,Fleetwood Town,2025-12-13,League Two,2025-26
Tranmere Rovers,1-4,Crewe Alexandra,2025-12-13,League Two,2025-26
Walsall,1-1,Shrewsbury Town,2025-12-13,League Two,2025-26
Chelsea,2-0,Everton,2025-12-13,Premier League,2025-26
Liverpool,2-0,Brighton,2025-12-13,Premier League,2025-26
Burnley,2-3,Fulham,2025-12-13,Premier League,2025-26
Arsenal,2-1,Wolverhampton,2025-12-13,Premier League,2025-26
Crystal Palace,0-3,Manchester City,2025-12-14,Premier League,2025-26
Nottingham Forest,3-0,Tottenham Hotspur,2025-12-14,Premier League,2025-26
Sunderland,1-0,Newcastle United,2025-12-14,Premier League,2025-26
West Ham,2-3,Aston Villa,2025-12-14,Premier League,2025-26
Brentford,1-1,Leeds United,2025-12-14,Premier League,2025-26
Manchester United,4-4,Bournemouth,2025-12-15,Premier League,2025-26
Sheffield Wednesday,0-3,Derby County,2025-12-15,Championship,2025-26
Truro City,2-0,Wealdstone,2025-12-16,National League,2025-26
Reading,3-2,Luton Town,2025-12-18,League One,2025-26
Swansea City,2-1,Wrexham,2025-12-19,Championship,2025-26
Northampton Town,3-1,AFC Wimbledon,2025-12-19,League One,2025-26
Barrow,1-2,Cheltenham Town,2025-12-19,League Two,2025-26
Cambridge United,2-0,Accrington,2025-12-19,League Two,2025-26
Crewe Alexandra,1-1,Bristol Rovers,2025-12-19,League Two,2025-26
Altrincham,0-3,Rochdale,2025-12-19,National League,2025-26
Newcastle United,2-2,Chelsea,2025-12-20,Premier League,2025-26
Bournemouth,1-1,Burnley,2025-12-20,Premier League,2025-26
Brighton,0-0,Sunderland,2025-12-20,Premier League,2025-26
Manchester City,3-0,West Ham,2025-12-20,Premier League,2025-26
Wolverhampton,0-2,Brentford,2025-12-20,Premier League,2025-26
Tottenham Hotspur,1-2,Liverpool,2025-12-20,Premier League,2025-26
Blackburn Rovers,2-0,Millwall,2025-12-20,Championship,2025-26
Preston North End,1-1,Norwich City,2025-12-20,Championship,2025-26
Southampton,1-1,Coventry City,2025-12-20,Championship,2025-26
Bristol City,2-0,Middlesbrough,2025-12-20,Championship,2025-26
Charlton Athletic,1-0,Oxford United,2025-12-20,Championship,2025-26
Derby County,1-1,Portsmouth,2025-12-20,Championship,2025-26
Hull City,1-0,West Bromwich,2025-12-20,Championship,2025-26
Ipswich Town,3-1,Sheffield Wednesday,2025-12-20,Championship,2025-26
Queens Park Rangers,4-1,Leicester City,2025-12-20,Championship,2025-26
Sheffield United,3-0,Birmingham City,2025-12-20,Championship,2025-26
Watford,1-0,Stoke City,2025-12-20,Championship,2025-26
Stevenage,2-2,Burton Albion,2025-12-20,League One,2025-26
Wigan Athletic,0-2,Blackpool,2025-12-20,League One,2025-26
Doncaster Rovers,1-5,Plymouth Argyle,2025-12-20,League One,2025-26
Exeter City,3-0,Barnsley,2025-12-20,League One,2025-26
Leyton Orient,2-1,Bradford City,2025-12-20,League One,2025-26
Lincoln City,2-1,Cardiff City,2025-12-20,League One,2025-26
Mansfield Town,1-2,Stockport County,2025-12-20,League One,2025-26
Port Vale,0-1,Peterborough,2025-12-20,League One,2025-26
Rotherham United,1-3,Huddersfield Town,2025-12-20,League One,2025-26
Wycombe Wanderers,2-1,Bolton Wanderers,2025-12-20,League One,2025-26
Bromley,2-0,Grimsby Town,2025-12-20,League Two,2025-26
Notts County,0-0,Walsall,2025-12-20,League Two,2025-26
Barnet,1-3,Salford City,2025-12-20,League Two,2025-26
Colchester United,4-1,Newport County,2025-12-20,League Two,2025-26
Fleetwood Town,2-1,Gillingham,2025-12-20,League Two,2025-26
Harrogate Town,0-4,Milton Keynes Dons,2025-12-20,League Two,2025-26
Oldham Athletic,3-1,Tranmere Rovers,2025-12-20,League Two,2025-26
Shrewsbury Town,0-1,Chesterfield,2025-12-20,League Two,2025-26
Swindon Town,1-0,Crawley Town,2025-12-20,League Two,2025-26
Boston United,0-2,Aldershot Town,2025-12-20,National League,2025-26
Woking,1-2,Scunthorpe United,2025-12-20,National League,2025-26
Tamworth,2-1,Southend United,2025-12-20,National League,2025-26
York City,4-0,Truro City,2025-12-20,National League,2025-26
Everton,0-1,Arsenal,2025-12-20,Premier League,2025-26
Leeds United,4-1,Crystal Palace,2025-12-20,Premier League,2025-26
Yeovil Town,0-2,Forest Green Rovers,2025-12-20,National League,2025-26
Brackley Town,0-2,Morecambe,2025-12-21,National League,2025-26
Solihull Moors,4-1,Sutton United,2025-12-21,National League,2025-26
Braintree Town,0-0,Hartlepool United,2025-12-21,National League,2025-26
Gateshead,1-3,Eastleigh,2025-12-21,National League,2025-26
Boreham Wood,2-0,Carlisle United,2025-12-21,National League,2025-26
FC Halifax Town,2-2,Wealdstone,2025-12-21,National League,2025-26
Aston Villa,2-1,Manchester United,2025-12-21,Premier League,2025-26
Fulham,1-0,Nottingham Forest,2025-12-22,Premier League,2025-26
Birmingham City,1-1,Derby County,2025-12-26,Championship,2025-26
Millwall,0-0,Ipswich Town,2025-12-26,Championship,2025-26
Coventry City,1-0,Swansea City,2025-12-26,Championship,2025-26
Leicester City,1-2,Watford,2025-12-26,Championship,2025-26
Middlesbrough,0-0,Blackburn Rovers,2025-12-26,Championship,2025-26
Norwich City,1-0,Charlton Athletic,2025-12-26,Championship,2025-26
Oxford United,2-1,Southampton,2025-12-26,Championship,2025-26
Portsmouth,1-1,Queens Park Rangers,2025-12-26,Championship,2025-26
Sheffield Wednesday,2-2,Hull City,2025-12-26,Championship,2025-26
Stoke City,0-0,Preston North End,2025-12-26,Championship,2025-26
West Bromwich,1-2,Bristol City,2025-12-26,Championship,2025-26
AFC Wimbledon,0-0,Stevenage,2025-12-26,League One,2025-26
Barnsley,2-3,Mansfield Town,2025-12-26,League One,2025-26
Blackpool,1-0,Doncaster Rovers,2025-12-26,League One,2025-26
Bolton Wanderers,2-1,Rotherham United,2025-12-26,League One,2025-26
Bradford City,2-1,Wigan Athletic,2025-12-26,League One,2025-26
Burton Albion,5-1,Northampton Town,2025-12-26,League One,2025-26
Cardiff City,1-0,Exeter City,2025-12-26,League One,2025-26
Huddersfield Town,5-0,Port Vale,2025-12-26,League One,2025-26
Luton Town,4-0,Wycombe Wanderers,2025-12-26,League One,2025-26
Peterborough,1-0,Leyton Orient,2025-12-26,League One,2025-26
Plymouth Argyle,1-4,Reading,2025-12-26,League One,2025-26
Stockport County,1-2,Lincoln City,2025-12-26,League One,2025-26
Accrington,2-1,Barrow,2025-12-26,League Two,2025-26
Bristol Rovers,2-3,Bromley,2025-12-26,League Two,2025-26
Cheltenham Town,3-1,Shrewsbury Town,2025-12-26,League Two,2025-26
Chesterfield,2-0,Notts County,2025-12-26,League Two,2025-26
Crawley Town,1-1,Colchester United,2025-12-26,League Two,2025-26
Gillingham,1-1,Cambridge United,2025-12-26,League Two,2025-26
Grimsby Town,0-0,Oldham Athletic,2025-12-26,League Two,2025-26
Milton Keynes Dons,1-0,Swindon Town,2025-12-26,League Two,2025-26
Newport County,0-0,Barnet,2025-12-26,League Two,2025-26
Salford City,1-0,Harrogate Town,2025-12-26,League Two,2025-26
Tranmere Rovers,1-0,Fleetwood Town,2025-12-26,League Two,2025-26
Walsall,1-0,Crewe Alexandra,2025-12-26,League Two,2025-26
Brackley Town,1-0,Forest Green Rovers,2025-12-26,National League,2025-26
Braintree Town,0-1,Southend United,2025-12-26,National League,2025-26
Eastleigh,1-1,Woking,2025-12-26,National League,2025-26
FC Halifax Town,2-1,Altrincham,2025-12-26,National League,2025-26
Gateshead,0-3,Carlisle United,2025-12-26,National League,2025-26
Hartlepool United,1-2,Scunthorpe United,2025-12-26,National League,2025-26
Morecambe,1-2,Rochdale,2025-12-26,National League,2025-26
Solihull Moors,7-1,Tamworth,2025-12-26,National League,2025-26
Sutton United,0-0,Aldershot Town,2025-12-26,National League,2025-26
Truro City,1-0,Yeovil Town,2025-12-26,National League,2025-26
Wealdstone,0-4,Boreham Wood,2025-12-26,National League,2025-26
York City,2-2,Boston United,2025-12-26,National League,2025-26
Manchester United,1-0,Newcastle United,2025-12-26,Premier League,2025-26
Wrexham,5-3,Sheffield United,2025-12-26,Championship,2025-26
Nottingham Forest,1-2,Manchester City,2025-12-27,Premier League,2025-26
Arsenal,2-1,Brighton,2025-12-27,Premier League,2025-26
Brentford,4-1,Bournemouth,2025-12-27,Premier League,2025-26
Burnley,0-0,Everton,2025-12-27,Premier League,2025-26
Liverpool,2-1,Wolverhampton,2025-12-27,Premier League,2025-26
West Ham,0-1,Fulham,2025-12-27,Premier League,2025-26
Chelsea,1-2,Aston Villa,2025-12-27,Premier League,2025-26
Sunderland,1-1,Leeds United,2025-12-28,Premier League,2025-26
Crystal Palace,0-1,Tottenham Hotspur,2025-12-28,Premier League,2025-26
Coventry City,0-2,Ipswich Town,2025-12-29,Championship,2025-26
Leicester City,2-1,Derby County,2025-12-29,Championship,2025-26
Middlesbrough,0-1,Hull City,2025-12-29,Championship,2025-26
Millwall,2-1,Bristol City,2025-12-29,Championship,2025-26
Norwich City,0-1,Watford,2025-12-29,Championship,2025-26
Oxford United,0-1,Swansea City,2025-12-29,Championship,2025-26
Portsmouth,2-1,Charlton Athletic,2025-12-29,Championship,2025-26
Sheffield Wednesday,0-0,Blackburn Rovers,2025-12-29,Championship,2025-26
Stoke City,1-2,Sheffield United,2025-12-29,Championship,2025-26
West Bromwich,2-1,Queens Park Rangers,2025-12-29,Championship,2025-26
Wrexham,2-1,Preston North End,2025-12-29,Championship,2025-26
Birmingham City,1-1,Southampton,2025-12-29,Championship,2025-26
AFC Wimbledon,0-1,Exeter City,2025-12-29,League One,2025-26
Barnsley,0-2,Lincoln City,2025-12-29,League One,2025-26
Blackpool,4-0,Rotherham United,2025-12-29,League One,2025-26
Bolton Wanderers,0-1,Mansfield Town,2025-12-29,League One,2025-26
Bradford City,1-0,Port Vale,2025-12-29,League One,2025-26
Burton Albion,0-2,Wigan Athletic,2025-12-29,League One,2025-26
Cardiff City,2-1,Stevenage,2025-12-29,League One,2025-26
Huddersfield Town,2-0,Northampton Town,2025-12-29,League One,2025-26
Luton Town,3-0,Leyton Orient,2025-12-29,League One,2025-26
Peterborough,1-1,Reading,2025-12-29,League One,2025-26
Plymouth Argyle,1-1,Wycombe Wanderers,2025-12-29,League One,2025-26
Stockport County,4-2,Doncaster Rovers,2025-12-29,League One,2025-26
Newport County,2-0,Crewe Alexandra,2025-12-29,League Two,2025-26
Accrington,1-0,Harrogate Town,2025-12-29,League Two,2025-26
Bristol Rovers,0-2,Barnet,2025-12-29,League Two,2025-26
Cheltenham Town,0-2,Swindon Town,2025-12-29,League Two,2025-26
Chesterfield,0-1,Cambridge United,2025-12-29,League Two,2025-26
Crawley Town,1-3,Bromley,2025-12-29,League Two,2025-26
Gillingham,1-1,Colchester United,2025-12-29,League Two,2025-26
Grimsby Town,1-0,Shrewsbury Town,2025-12-29,League Two,2025-26
Milton Keynes Dons,1-1,Notts County,2025-12-29,League Two,2025-26
Salford City,0-0,Fleetwood Town,2025-12-29,League Two,2025-26
Tranmere Rovers,1-3,Barrow,2025-12-29,League Two,2025-26
Walsall,1-2,Oldham Athletic,2025-12-29,League Two,2025-26
Burnley,1-3,Newcastle United,2025-12-30,Premier League,2025-26
Chelsea,2-2,Bournemouth,2025-12-30,Premier League,2025-26
Nottingham Forest,0-2,Everton,2025-12-30,Premier League,2025-26
West Ham,2-2,Brighton,2025-12-30,Premier League,2025-26
Arsenal,4-1,Aston Villa,2025-12-30,Premier League,2025-26
Manchester United,1-1,Wolverhampton,2025-12-30,Premier League,2025-26
Aldershot Town,4-1,Wealdstone,2025-12-30,National League,2025-26
Altrincham,1-2,York City,2025-12-30,National League,2025-26
Boreham Wood,2-1,Solihull Moors,2025-12-30,National League,2025-26
Boston United,1-2,Brackley Town,2025-12-30,National League,2025-26
Carlisle United,1-0,Morecambe,2025-12-30,National League,2025-26
Forest Green Rovers,1-1,Truro City,2025-12-30,National League,2025-26
Rochdale,1-2,Hartlepool United,2025-12-30,National League,2025-26
Scunthorpe United,2-0,Gateshead,2025-12-30,National League,2025-26
Southend United,1-0,Sutton United,2025-12-30,National League,2025-26
Tamworth,0-2,FC Halifax Town,2025-12-30,National League,2025-26
Woking,0-1,Braintree Town,2025-12-30,National League,2025-26
Yeovil Town,1-1,Eastleigh,2025-12-30,National League,2025-26
Crystal Palace,1-1,Fulham,2026-01-01,Premier League,2025-26
Liverpool,0-0,Leeds United,2026-01-01,Premier League,2025-26
Brentford,0-0,Tottenham Hotspur,2026-01-01,Premier League,2025-26
Sunderland,0-0,Manchester City,2026-01-01,Premier League,2025-26
Blackburn Rovers,0-2,Wrexham,2026-01-01,Championship,2025-26
Bristol City,5-0,Portsmouth,2026-01-01,Championship,2025-26
Charlton Athletic,1-1,Coventry City,2026-01-01,Championship,2025-26
Derby County,1-0,Middlesbrough,2026-01-01,Championship,2025-26
Hull City,0-1,Stoke City,2026-01-01,Championship,2025-26
Ipswich Town,2-1,Oxford United,2026-01-01,Championship,2025-26
Preston North End,3-0,Sheffield Wednesday,2026-01-01,Championship,2025-26
Queens Park Rangers,1-2,Norwich City,2026-01-01,Championship,2025-26
Southampton,0-0,Millwall,2026-01-01,Championship,2025-26
Swansea City,1-0,West Bromwich,2026-01-01,Championship,2025-26
Watford,3-0,Birmingham City,2026-01-01,Championship,2025-26
Sheffield United,3-1,Leicester City,2026-01-01,Championship,2025-26
Barnet,2-1,Crawley Town,2026-01-01,League Two,2025-26
Barrow,1-2,Salford City,2026-01-01,League Two,2025-26
Bromley,2-1,Newport County,2026-01-01,League Two,2025-26
Cambridge United,2-0,Walsall,2026-01-01,League Two,2025-26
Colchester United,1-0,Milton Keynes Dons,2026-01-01,League Two,2025-26
Crewe Alexandra,4-1,Cheltenham Town,2026-01-01,League Two,2025-26
Fleetwood Town,0-1,Grimsby Town,2026-01-01,League Two,2025-26
Harrogate Town,0-2,Tranmere Rovers,2026-01-01,League Two,2025-26
Notts County,0-1,Accrington,2026-01-01,League Two,2025-26
Oldham Athletic,1-1,Chesterfield,2026-01-01,League Two,2025-26
Shrewsbury Town,0-3,Bristol Rovers,2026-01-01,League Two,2025-26
Swindon Town,2-0,Gillingham,2026-01-01,League Two,2025-26
Doncaster Rovers,1-1,Bolton Wanderers,2026-01-01,League One,2025-26
Exeter City,1-0,Luton Town,2026-01-01,League One,2025-26
Leyton Orient,1-3,AFC Wimbledon,2026-01-01,League One,2025-26
Lincoln City,1-1,Huddersfield Town,2026-01-01,League One,2025-26
Mansfield Town,3-0,Bradford City,2026-01-01,League One,2025-26
Northampton Town,0-0,Stockport County,2026-01-01,League One,2025-26
Port Vale,5-1,Blackpool,2026-01-01,League One,2025-26
Reading,2-0,Burton Albion,2026-01-01,League One,2025-26
Rotherham United,0-2,Peterborough,2026-01-01,League One,2025-26
Stevenage,1-1,Plymouth Argyle,2026-01-01,League One,2025-26
Wigan Athletic,1-1,Barnsley,2026-01-01,League One,2025-26
Wycombe Wanderers,1-1,Cardiff City,2026-01-01,League One,2025-26
Aston Villa,3-1,Nottingham Forest,2026-01-03,Premier League,2025-26
Brighton,2-0,Burnley,2026-01-03,Premier League,2025-26
Wolverhampton,3-0,West Ham,2026-01-03,Premier League,2025-26
Bournemouth,2-3,Arsenal,2026-01-03,Premier League,2025-26
Carlisle United,2-0,Wealdstone,2026-01-03,National League,2025-26
Forest Green Rovers,2-1,FC Halifax Town,2026-01-03,National League,2025-26
Tamworth,3-1,Gateshead,2026-01-03,National League,2025-26
Yeovil Town,3-1,Braintree Town,2026-01-03,National League,2025-26
Boston United,1-2,Eastleigh,2026-01-03,National League,2025-26
Birmingham City,3-2,Coventry City,2026-01-04,Championship,2025-26
Queens Park Rangers,3-0,Sheffield Wednesday,2026-01-04,Championship,2025-26
Blackburn Rovers,2-2,Charlton Athletic,2026-01-04,Championship,2025-26
Bristol City,0-2,Preston North End,2026-01-04,Championship,2025-26
Derby County,1-2,Wrexham,2026-01-04,Championship,2025-26
Middlesbrough,4-0,Southampton,2026-01-04,Championship,2025-26
Millwall,2-1,Swansea City,2026-01-04,Championship,2025-26
Norwich City,0-2,Stoke City,2026-01-04,Championship,2025-26
Bolton Wanderers,0-0,Northampton Town,2026-01-04,League One,2025-26
Lincoln City,5-2,Peterborough,2026-01-04,League One,2025-26
Blackpool,1-2,Bradford City,2026-01-04,League One,2025-26
Cardiff City,1-0,Wigan Athletic,2026-01-04,League One,2025-26
Huddersfield Town,2-2,Exeter City,2026-01-04,League One,2025-26
Plymouth Argyle,3-0,Burton Albion,2026-01-04,League One,2025-26
Reading,1-0,Stockport County,2026-01-04,League One,2025-26
Wycombe Wanderers,2-0,AFC Wimbledon,2026-01-04,League One,2025-26
Leeds United,1-1,Manchester United,2026-01-04,Premier League,2025-26
Everton,2-4,Brentford,2026-01-04,Premier League,2025-26
Newcastle United,2-0,Crystal Palace,2026-01-04,Premier League,2025-26
Tottenham Hotspur,1-1,Sunderland,2026-01-04,Premier League,2025-26
Fulham,2-2,Liverpool,2026-01-04,Premier League,2025-26
Cheltenham Town,3-0,Crawley Town,2026-01-04,League Two,2025-26
Milton Keynes Dons,2-2,Chesterfield,2026-01-04,League Two,2025-26
Manchester City,1-1,Chelsea,2026-01-04,Premier League,2025-26
Leicester City,2-1,West Bromwich,2026-01-05,Championship,2025-26
Arsenal,0-0,Liverpool,2026-01-07,Premier League,2025-26
West Ham,1-2,Nottingham Forest,2026-01-07,Premier League,2025-26
Bournemouth,3-2,Tottenham Hotspur,2026-01-07,Premier League,2025-26
Brentford,3-0,Sunderland,2026-01-07,Premier League,2025-26
Crystal Palace,0-0,Aston Villa,2026-01-07,Premier League,2025-26
Everton,1-1,Wolverhampton,2026-01-07,Premier League,2025-26
Fulham,2-1,Chelsea,2026-01-07,Premier League,2025-26
Manchester City,1-1,Brighton,2026-01-07,Premier League,2025-26
Burnley,2-2,Manchester United,2026-01-07,Premier League,2025-26
Newcastle United,4-3,Leeds United,2026-01-07,Premier League,2025-26
Luton Town,2-1,Stevenage,2026-01-10,League One,2025-26
Stockport County,1-0,Huddersfield Town,2026-01-10,League One,2025-26
Leyton Orient,1-1,Cardiff City,2026-01-10,League One,2025-26
Peterborough,3-1,Bolton Wanderers,2026-01-10,League One,2025-26
Crewe Alexandra,1-1,Harrogate Town,2026-01-10,League Two,2025-26
Tranmere Rovers,0-2,Bromley,2026-01-10,League Two,2025-26
Aldershot Town,1-5,Solihull Moors,2026-01-10,National League,2025-26
Sutton United,1-2,York City,2026-01-10,National League,2025-26
Woking,4-0,Hartlepool United,2026-01-10,National League,2025-26
Braintree Town,0-0,Boston United,2026-01-10,National League,2025-26
West Bromwich,2-3,Middlesbrough,2026-01-16,Championship,2025-26
Manchester United,2-0,Manchester City,2026-01-17,Premier League,2025-26
Chelsea,2-0,Brentford,2026-01-17,Premier League,2025-26
Leeds United,1-0,Fulham,2026-01-17,Premier League,2025-26
Liverpool,1-1,Burnley,2026-01-17,Premier League,2025-26
Sunderland,2-1,Crystal Palace,2026-01-17,Premier League,2025-26
Tottenham Hotspur,1-2,West Ham,2026-01-17,Premier League,2025-26
Bradford City,1-2,Cardiff City,2026-01-17,League One,2025-26
Wigan Athletic,0-1,Bolton Wanderers,2026-01-17,League One,2025-26
AFC Wimbledon,0-1,Doncaster Rovers,2026-01-17,League One,2025-26
Barnsley,2-1,Blackpool,2026-01-17,League One,2025-26
Burton Albion,3-1,Huddersfield Town,2026-01-17,League One,2025-26
Exeter City,3-0,Stevenage,2026-01-17,League One,2025-26
Leyton Orient,3-1,Reading,2026-01-17,League One,2025-26
Luton Town,2-2,Lincoln City,2026-01-17,League One,2025-26
Mansfield Town,3-0,Port Vale,2026-01-17,League One,2025-26
Peterborough,0-1,Plymouth Argyle,2026-01-17,League One,2025-26
Stockport County,3-2,Rotherham United,2026-01-17,League One,2025-26
Chesterfield,0-0,Bromley,2026-01-17,League Two,2025-26
Tranmere Rovers,1-3,Walsall,2026-01-17,League Two,2025-26
Accrington,0-2,Milton Keynes Dons,2026-01-17,League Two,2025-26
Bristol Rovers,0-1,Colchester United,2026-01-17,League Two,2025-26
Crawley Town,1-2,Notts County,2026-01-17,League Two,2025-26
Crewe Alexandra,3-1,Barrow,2026-01-17,League Two,2025-26
Fleetwood Town,1-2,Cambridge United,2026-01-17,League Two,2025-26
Gillingham,3-2,Newport County,2026-01-17,League Two,2025-26
Grimsby Town,1-0,Barnet,2026-01-17,League Two,2025-26
Oldham Athletic,2-1,Cheltenham Town,2026-01-17,League Two,2025-26
Shrewsbury Town,1-0,Harrogate Town,2026-01-17,League Two,2025-26
Swindon Town,2-3,Salford City,2026-01-17,League Two,2025-26
Hartlepool United,1-0,Altrincham,2026-01-17,National League,2025-26
Brackley Town,2-1,Yeovil Town,2026-01-17,National League,2025-26
Braintree Town,0-3,Boreham Wood,2026-01-17,National League,2025-26
Eastleigh,1-4,Aldershot Town,2026-01-17,National League,2025-26
FC Halifax Town,2-1,Boston United,2026-01-17,National League,2025-26
Gateshead,0-2,Rochdale,2026-01-17,National League,2025-26
Morecambe,2-2,Scunthorpe United,2026-01-17,National League,2025-26
Solihull Moors,3-3,Carlisle United,2026-01-17,National League,2025-26
Sutton United,1-1,Forest Green Rovers,2026-01-17,National League,2025-26
Truro City,0-0,Tamworth,2026-01-17,National League,2025-26
Wealdstone,1-0,Woking,2026-01-17,National League,2025-26
Coventry City,2-1,Leicester City,2026-01-17,Championship,2025-26
Ipswich Town,3-0,Blackburn Rovers,2026-01-17,Championship,2025-26
Watford,0-2,Millwall,2026-01-17,Championship,2025-26
Charlton Athletic,1-0,Sheffield United,2026-01-17,Championship,2025-26
Oxford United,0-0,Bristol City,2026-01-17,Championship,2025-26
Preston North End,0-1,Derby County,2026-01-17,Championship,2025-26
Sheffield Wednesday,0-1,Portsmouth,2026-01-17,Championship,2025-26
Southampton,1-2,Hull City,2026-01-17,Championship,2025-26
Stoke City,0-0,Queens Park Rangers,2026-01-17,Championship,2025-26
Wrexham,1-2,Norwich City,2026-01-17,Championship,2025-26
Northampton Town,1-2,Wycombe Wanderers,2026-01-17,League One,2025-26
Nottingham Forest,0-0,Arsenal,2026-01-17,Premier League,2025-26
Swansea City,1-1,Birmingham City,2026-01-17,Championship,2025-26
York City,1-1,Southend United,2026-01-17,National League,2025-26
Wolverhampton,0-0,Newcastle United,2026-01-18,Premier League,2025-26
Aston Villa,0-1,Everton,2026-01-18,Premier League,2025-26
Brighton,1-1,Bournemouth,2026-01-19,Premier League,2025-26
Charlton Athletic,1-2,Derby County,2026-01-20,Championship,2025-26
Coventry City,2-1,Millwall,2026-01-20,Championship,2025-26
Ipswich Town,2-0,Bristol City,2026-01-20,Championship,2025-26
Oxford United,0-0,Queens Park Rangers,2026-01-20,Championship,2025-26
Preston North End,0-3,Hull City,2026-01-20,Championship,2025-26
Sheffield Wednesday,0-2,Birmingham City,2026-01-20,Championship,2025-26
Swansea City,3-1,Blackburn Rovers,2026-01-20,Championship,2025-26
West Bromwich,0-5,Norwich City,2026-01-20,Championship,2025-26
Wrexham,1-1,Leicester City,2026-01-20,Championship,2025-26
Stevenage,0-0,Bolton Wanderers,2026-01-20,League One,2025-26
Boreham Wood,1-3,Scunthorpe United,2026-01-20,National League,2025-26
Hartlepool United,2-1,Gateshead,2026-01-20,National League,2025-26
Southend United,4-1,Eastleigh,2026-01-20,National League,2025-26
Truro City,3-3,Brackley Town,2026-01-20,National League,2025-26
Carlisle United,0-3,York City,2026-01-21,National League,2025-26
FC Halifax Town,1-0,Morecambe,2026-01-21,National League,2025-26
Forest Green Rovers,1-1,Altrincham,2026-01-21,National League,2025-26
Solihull Moors,0-1,Rochdale,2026-01-21,National League,2025-26
Southampton,1-0,Sheffield United,2026-01-21,Championship,2025-26
Watford,1-1,Portsmouth,2026-01-21,Championship,2025-26
Stoke City,1-2,Middlesbrough,2026-01-21,Championship,2025-26
Lincoln City,2-1,Burton Albion,2026-01-22,League One,2025-26
Derby County,1-1,West Bromwich,2026-01-23,Championship,2025-26
Middlesbrough,4-0,Preston North End,2026-01-24,Championship,2025-26
Millwall,4-0,Charlton Athletic,2026-01-24,Championship,2025-26
Birmingham City,1-1,Stoke City,2026-01-24,Championship,2025-26
Blackburn Rovers,1-1,Watford,2026-01-24,Championship,2025-26
Bristol City,2-0,Sheffield Wednesday,2026-01-24,Championship,2025-26
Hull City,2-1,Swansea City,2026-01-24,Championship,2025-26
Leicester City,1-2,Oxford United,2026-01-24,Championship,2025-26
Queens Park Rangers,2-3,Wrexham,2026-01-24,Championship,2025-26
Sheffield United,3-1,Ipswich Town,2026-01-24,Championship,2025-26
Cardiff City,1-1,Stockport County,2026-01-24,League One,2025-26
Huddersfield Town,1-0,Bradford City,2026-01-24,League One,2025-26
Plymouth Argyle,1-0,Luton Town,2026-01-24,League One,2025-26
Blackpool,2-0,Northampton Town,2026-01-24,League One,2025-26
Bolton Wanderers,2-1,Leyton Orient,2026-01-24,League One,2025-26
Doncaster Rovers,3-3,Wigan Athletic,2026-01-24,League One,2025-26
Port Vale,1-3,Exeter City,2026-01-24,League One,2025-26
Reading,2-2,Barnsley,2026-01-24,League One,2025-26
Rotherham United,1-1,AFC Wimbledon,2026-01-24,League One,2025-26
Stevenage,1-1,Mansfield Town,2026-01-24,League One,2025-26
Wycombe Wanderers,0-2,Peterborough,2026-01-24,League One,2025-26
Barnet,3-2,Oldham Athletic,2026-01-24,League Two,2025-26
Notts County,1-0,Crewe Alexandra,2026-01-24,League Two,2025-26
Barrow,0-1,Crawley Town,2026-01-24,League Two,2025-26
Bromley,2-1,Swindon Town,2026-01-24,League Two,2025-26
Cambridge United,4-2,Tranmere Rovers,2026-01-24,League Two,2025-26
Cheltenham Town,0-2,Grimsby Town,2026-01-24,League Two,2025-26
Colchester United,2-1,Fleetwood Town,2026-01-24,League Two,2025-26
Harrogate Town,0-3,Gillingham,2026-01-24,League Two,2025-26
Milton Keynes Dons,5-1,Shrewsbury Town,2026-01-24,League Two,2025-26
Newport County,2-1,Chesterfield,2026-01-24,League Two,2025-26
Salford City,1-0,Bristol Rovers,2026-01-24,League Two,2025-26
Walsall,0-0,Accrington,2026-01-24,League Two,2025-26
Altrincham,3-1,Boreham Wood,2026-01-24,National League,2025-26
Boston United,3-3,Southend United,2026-01-24,National League,2025-26
Brackley Town,0-0,Hartlepool United,2026-01-24,National League,2025-26
Eastleigh,2-3,FC Halifax Town,2026-01-24,National League,2025-26
Morecambe,0-2,Solihull Moors,2026-01-24,National League,2025-26
Rochdale,2-0,Truro City,2026-01-24,National League,2025-26
Tamworth,0-1,Sutton United,2026-01-24,National League,2025-26
York City,5-0,Braintree Town,2026-01-24,National League,2025-26
West Ham,3-1,Sunderland,2026-01-24,Premier League,2025-26
Burnley,2-2,Tottenham Hotspur,2026-01-24,Premier League,2025-26
Fulham,2-1,Brighton,2026-01-24,Premier League,2025-26
Manchester City,2-0,Wolverhampton,2026-01-24,Premier League,2025-26
Bournemouth,3-2,Liverpool,2026-01-24,Premier League,2025-26
Scunthorpe United,3-2,Forest Green Rovers,2026-01-24,National League,2025-26
Portsmouth,1-1,Southampton,2026-01-25,Championship,2025-26
Brentford,0-2,Nottingham Forest,2026-01-26,Premier League,2025-26
Crystal Palace,1-3,Chelsea,2026-01-26,Premier League,2025-26
Newcastle United,0-2,Aston Villa,2026-01-26,Premier League,2025-26
Arsenal,2-3,Manchester United,2026-01-26,Premier League,2025-26
Everton,1-1,Leeds United,2026-01-27,Premier League,2025-26
Norwich City,2-1,Coventry City,2026-01-27,Championship,2025-26
Blackpool,1-2,Stockport County,2026-01-27,League One,2025-26
Bolton Wanderers,2-1,Burton Albion,2026-01-27,League One,2025-26
Cardiff City,4-0,Barnsley,2026-01-27,League One,2025-26
Huddersfield Town,1-0,Luton Town,2026-01-27,League One,2025-26
Lincoln City,3-0,Bradford City,2026-01-27,League One,2025-26
Plymouth Argyle,1-1,Mansfield Town,2026-01-27,League One,2025-26
Rotherham United,2-1,Northampton Town,2026-01-27,League One,2025-26
Stevenage,1-0,Peterborough,2026-01-27,League One,2025-26
Wycombe Wanderers,2-0,Wigan Athletic,2026-01-27,League One,2025-26
Doncaster Rovers,3-0,Leyton Orient,2026-01-27,League One,2025-26
Reading,2-2,Exeter City,2026-01-27,League One,2025-26
Newport County,1-4,Accrington,2026-01-27,League Two,2025-26
Barnet,1-0,Tranmere Rovers,2026-01-27,League Two,2025-26
Bromley,2-2,Crewe Alexandra,2026-01-27,League Two,2025-26
Cambridge United,1-0,Shrewsbury Town,2026-01-27,League Two,2025-26
Colchester United,0-1,Grimsby Town,2026-01-27,League Two,2025-26
Harrogate Town,1-2,Fleetwood Town,2026-01-27,League Two,2025-26
Milton Keynes Dons,1-0,Bristol Rovers,2026-01-27,League Two,2025-26
Notts County,2-1,Swindon Town,2026-01-27,League Two,2025-26
Salford City,0-1,Chesterfield,2026-01-27,League Two,2025-26
Walsall,0-0,Crawley Town,2026-01-27,League Two,2025-26
Rochdale,2-1,Southend United,2026-01-27,National League,2025-26
Bristol City,0-5,Derby County,2026-01-30,Championship,2025-26
Brighton,1-1,Everton,2026-01-31,Premier League,2025-26
Leeds United,0-4,Arsenal,2026-01-31,Premier League,2025-26
Wolverhampton,0-2,Bournemouth,2026-01-31,Premier League,2025-26
Chelsea,3-2,West Ham,2026-01-31,Premier League,2025-26
Liverpool,4-1,Newcastle United,2026-01-31,Premier League,2025-26
Leicester City,0-2,Charlton Athletic,2026-01-31,Championship,2025-26
Sheffield Wednesday,0-1,Wrexham,2026-01-31,Championship,2025-26
Stoke City,0-2,Southampton,2026-01-31,Championship,2025-26
Blackburn Rovers,0-1,Hull City,2026-01-31,Championship,2025-26
Ipswich Town,1-1,Preston North End,2026-01-31,Championship,2025-26
Middlesbrough,1-0,Norwich City,2026-01-31,Championship,2025-26
Millwall,1-1,Sheffield United,2026-01-31,Championship,2025-26
Oxford United,0-2,Birmingham City,2026-01-31,Championship,2025-26
Portsmouth,3-0,West Bromwich,2026-01-31,Championship,2025-26
Queens Park Rangers,2-1,Coventry City,2026-01-31,Championship,2025-26
Watford,0-2,Swansea City,2026-01-31,Championship,2025-26
AFC Wimbledon,0-1,Bolton Wanderers,2026-01-31,League One,2025-26
Bradford City,1-0,Doncaster Rovers,2026-01-31,League One,2025-26
Northampton Town,0-2,Reading,2026-01-31,League One,2025-26
Barnsley,3-1,Stevenage,2026-01-31,League One,2025-26
Burton Albion,2-2,Cardiff City,2026-01-31,League One,2025-26
Exeter City,0-4,Rotherham United,2026-01-31,League One,2025-26
Leyton Orient,0-1,Port Vale,2026-01-31,League One,2025-26
Luton Town,1-0,Blackpool,2026-01-31,League One,2025-26
Mansfield Town,0-0,Wycombe Wanderers,2026-01-31,League One,2025-26
Peterborough,2-3,Huddersfield Town,2026-01-31,League One,2025-26
Stockport County,2-1,Plymouth Argyle,2026-01-31,League One,2025-26
Wigan Athletic,0-1,Lincoln City,2026-01-31,League One,2025-26
Bristol Rovers,3-0,Newport County,2026-01-31,League Two,2025-26
Grimsby Town,2-2,Milton Keynes Dons,2026-01-31,League Two,2025-26
Accrington,3-1,Cheltenham Town,2026-01-31,League Two,2025-26
Chesterfield,2-2,Walsall,2026-01-31,League Two,2025-26
Crawley Town,2-0,Harrogate Town,2026-01-31,League Two,2025-26
Crewe Alexandra,1-0,Colchester United,2026-01-31,League Two,2025-26
Fleetwood Town,1-2,Notts County,2026-01-31,League Two,2025-26
Gillingham,1-4,Bromley,2026-01-31,League Two,2025-26
Oldham Athletic,0-3,Cambridge United,2026-01-31,League Two,2025-26
Shrewsbury Town,0-0,Barnet,2026-01-31,League Two,2025-26
Swindon Town,3-1,Barrow,2026-01-31,League Two,2025-26
Tranmere Rovers,0-2,Salford City,2026-01-31,League Two,2025-26
Boreham Wood,1-2,Boston United,2026-01-31,National League,2025-26
Braintree Town,2-1,Eastleigh,2026-01-31,National League,2025-26
Carlisle United,3-1,Altrincham,2026-01-31,National League,2025-26
Hartlepool United,0-3,Aldershot Town,2026-01-31,National League,2025-26
Solihull Moors,0-2,York City,2026-01-31,National League,2025-26
Sutton United,1-1,Brackley Town,2026-01-31,National League,2025-26
Aston Villa,0-1,Brentford,2026-02-01,Premier League,2025-26
Manchester United,3-2,Fulham,2026-02-01,Premier League,2025-26
Nottingham Forest,1-1,Crystal Palace,2026-02-01,Premier League,2025-26
Tottenham Hotspur,2-2,Manchester City,2026-02-01,Premier League,2025-26
Sunderland,3-0,Burnley,2026-02-02,Premier League,2025-26
Blackburn Rovers,1-0,Sheffield Wednesday,2026-02-03,Championship,2025-26
Hull City,0-0,Watford,2026-02-03,Championship,2025-26
Sheffield United,3-1,Oxford United,2026-02-03,Championship,2025-26
Port Vale,0-1,AFC Wimbledon,2026-02-03,League One,2025-26
Barnsley,2-2,Northampton Town,2026-02-03,League One,2025-26
Burton Albion,1-2,Doncaster Rovers,2026-02-03,League One,2025-26
Barnet,1-1,Crewe Alexandra,2026-02-03,League Two,2025-26
Bristol Rovers,2-0,Walsall,2026-02-03,League Two,2025-26
Harrogate Town,0-1,Swindon Town,2026-02-03,League Two,2025-26
Notts County,1-0,Gillingham,2026-02-03,League Two,2025-26
Altrincham,1-1,Morecambe,2026-02-03,National League,2025-26
Forest Green Rovers,4-2,Woking,2026-02-03,National League,2025-26
Rochdale,4-1,Boreham Wood,2026-02-03,National League,2025-26
Accrington,1-0,Salford City,2026-02-05,League Two,2025-26
Leeds United,3-1,Nottingham Forest,2026-02-06,Premier League,2025-26
Charlton Athletic,0-0,Queens Park Rangers,2026-02-06,Championship,2025-26
Manchester United,2-0,Tottenham Hotspur,2026-02-07,Premier League,2025-26
Bournemouth,1-1,Aston Villa,2026-02-07,Premier League,2025-26
Arsenal,3-0,Sunderland,2026-02-07,Premier League,2025-26
Burnley,0-2,West Ham,2026-02-07,Premier League,2025-26
Fulham,1-2,Everton,2026-02-07,Premier League,2025-26
Derby County,1-2,Ipswich Town,2026-02-07,Championship,2025-26
Norwich City,2-0,Blackburn Rovers,2026-02-07,Championship,2025-26
Southampton,1-0,Watford,2026-02-07,Championship,2025-26
Birmingham City,2-1,Leicester City,2026-02-07,Championship,2025-26
Coventry City,0-0,Oxford United,2026-02-07,Championship,2025-26
Hull City,2-3,Bristol City,2026-02-07,Championship,2025-26
Preston North End,1-0,Portsmouth,2026-02-07,Championship,2025-26
West Bromwich,0-0,Stoke City,2026-02-07,Championship,2025-26
Wrexham,0-2,Millwall,2026-02-07,Championship,2025-26
Luton Town,2-1,Bradford City,2026-02-07,League One,2025-26
Port Vale,2-2,Burton Albion,2026-02-07,League One,2025-26
AFC Wimbledon,3-2,Reading,2026-02-07,League One,2025-26
Bolton Wanderers,3-2,Barnsley,2026-02-07,League One,2025-26
Huddersfield Town,2-2,Blackpool,2026-02-07,League One,2025-26
Mansfield Town,0-0,Exeter City,2026-02-07,League One,2025-26
Northampton Town,3-1,Stevenage,2026-02-07,League One,2025-26
Peterborough,6-1,Wigan Athletic,2026-02-07,League One,2025-26
Plymouth Argyle,1-4,Lincoln City,2026-02-07,League One,2025-26
Rotherham United,0-3,Cardiff City,2026-02-07,League One,2025-26
Stockport County,0-0,Leyton Orient,2026-02-07,League One,2025-26
Wycombe Wanderers,4-0,Doncaster Rovers,2026-02-07,League One,2025-26
Swindon Town,3-0,Oldham Athletic,2026-02-07,League Two,2025-26
Bristol Rovers,2-3,Chesterfield,2026-02-07,League Two,2025-26
Cheltenham Town,2-3,Milton Keynes Dons,2026-02-07,League Two,2025-26
Colchester United,2-0,Shrewsbury Town,2026-02-07,League Two,2025-26
Fleetwood Town,1-2,Bromley,2026-02-07,League Two,2025-26
Gillingham,2-1,Tranmere Rovers,2026-02-07,League Two,2025-26
Harrogate Town,2-1,Cambridge United,2026-02-07,League Two,2025-26
Newport County,0-0,Grimsby Town,2026-02-07,League Two,2025-26
Notts County,2-1,Barrow,2026-02-07,League Two,2025-26
Walsall,1-3,Barnet,2026-02-07,League Two,2025-26
Aldershot Town,3-2,FC Halifax Town,2026-02-07,National League,2025-26
Altrincham,0-1,Yeovil Town,2026-02-07,National League,2025-26
Boston United,1-0,Sutton United,2026-02-07,National League,2025-26
Morecambe,1-2,Truro City,2026-02-07,National League,2025-26
Rochdale,1-0,Carlisle United,2026-02-07,National League,2025-26
Scunthorpe United,1-0,Southend United,2026-02-07,National League,2025-26
Tamworth,1-1,Hartlepool United,2026-02-07,National League,2025-26
York City,2-1,Forest Green Rovers,2026-02-07,National League,2025-26
Wolverhampton,1-3,Chelsea,2026-02-07,Premier League,2025-26
Eastleigh,2-2,Wealdstone,2026-02-07,National League,2025-26
Crawley Town,0-1,Crewe Alexandra,2026-02-07,League Two,2025-26
Newcastle United,2-3,Brentford,2026-02-08,Premier League,2025-26
Brighton,0-1,Crystal Palace,2026-02-08,Premier League,2025-26
Liverpool,1-2,Manchester City,2026-02-08,Premier League,2025-26
Swansea City,4-0,Sheffield Wednesday,2026-02-08,Championship,2025-26
Sheffield United,1-2,Middlesbrough,2026-02-09,Championship,2025-26
Tottenham Hotspur,1-2,Newcastle United,2026-02-10,Premier League,2025-26
Chelsea,2-2,Leeds United,2026-02-10,Premier League,2025-26
Everton,1-2,Bournemouth,2026-02-10,Premier League,2025-26
West Ham,1-1,Manchester United,2026-02-10,Premier League,2025-26
Leicester City,3-4,Southampton,2026-02-10,Championship,2025-26
Oxford United,0-3,Norwich City,2026-02-10,Championship,2025-26
Birmingham City,0-0,West Bromwich,2026-02-10,Championship,2025-26
Mansfield Town,1-2,Peterborough,2026-02-10,League One,2025-26
Wigan Athletic,1-2,Reading,2026-02-10,League One,2025-26
Crawley Town,0-3,Cambridge United,2026-02-10,League Two,2025-26
Shrewsbury Town,2-1,Barrow,2026-02-10,League Two,2025-26
Altrincham,1-0,Wealdstone,2026-02-10,National League,2025-26
Boston United,1-0,Gateshead,2026-02-10,National League,2025-26
Carlisle United,3-2,Scunthorpe United,2026-02-10,National League,2025-26
Morecambe,2-2,Tamworth,2026-02-10,National League,2025-26
Solihull Moors,2-3,Eastleigh,2026-02-10,National League,2025-26
Truro City,0-2,Woking,2026-02-10,National League,2025-26
Aston Villa,1-0,Brighton,2026-02-11,Premier League,2025-26
Manchester City,3-0,Fulham,2026-02-11,Premier League,2025-26
Nottingham Forest,0-0,Wolverhampton,2026-02-11,Premier League,2025-26
Crystal Palace,2-3,Burnley,2026-02-11,Premier League,2025-26
Sunderland,0-1,Liverpool,2026-02-11,Premier League,2025-26
Charlton Athletic,1-0,Stoke City,2026-02-11,Championship,2025-26
Grimsby Town,1-0,Accrington,2026-02-11,League Two,2025-26
Swindon Town,2-0,Newport County,2026-02-11,League Two,2025-26
Boreham Wood,3-2,Yeovil Town,2026-02-11,National League,2025-26
Brackley Town,1-1,FC Halifax Town,2026-02-11,National League,2025-26
Rochdale,2-1,Forest Green Rovers,2026-02-11,National League,2025-26
Sutton United,1-1,Braintree Town,2026-02-11,National League,2025-26
York City,3-2,Hartlepool United,2026-02-11,National League,2025-26
Brentford,1-1,Arsenal,2026-02-12,Premier League,2025-26
Derby County,2-0,Swansea City,2026-02-14,Championship,2025-26
Portsmouth,0-1,Sheffield United,2026-02-14,Championship,2025-26
Preston North End,2-2,Watford,2026-02-14,Championship,2025-26
Queens Park Rangers,1-3,Blackburn Rovers,2026-02-14,Championship,2025-26
Sheffield Wednesday,1-2,Millwall,2026-02-14,Championship,2025-26
Reading,3-2,Wycombe Wanderers,2026-02-14,League One,2025-26
Stevenage,1-0,Huddersfield Town,2026-02-14,League One,2025-26
Barnsley,3-3,AFC Wimbledon,2026-02-14,League One,2025-26
Blackpool,0-4,Plymouth Argyle,2026-02-14,League One,2025-26
Bradford City,2-0,Peterborough,2026-02-14,League One,2025-26
Cardiff City,3-1,Luton Town,2026-02-14,League One,2025-26
Exeter City,0-0,Northampton Town,2026-02-14,League One,2025-26
Lincoln City,1-1,Bolton Wanderers,2026-02-14,League One,2025-26
Barnet,0-0,Cheltenham Town,2026-02-14,League Two,2025-26
Barrow,1-0,Colchester United,2026-02-14,League Two,2025-26
Bromley,1-1,Notts County,2026-02-14,League Two,2025-26
Cambridge United,3-1,Bristol Rovers,2026-02-14,League Two,2025-26
Chesterfield,1-1,Harrogate Town,2026-02-14,League Two,2025-26
Crewe Alexandra,1-0,Gillingham,2026-02-14,League Two,2025-26
Milton Keynes Dons,1-0,Newport County,2026-02-14,League Two,2025-26
Oldham Athletic,1-1,Fleetwood Town,2026-02-14,League Two,2025-26
Shrewsbury Town,3-1,Swindon Town,2026-02-14,League Two,2025-26
Tranmere Rovers,2-0,Crawley Town,2026-02-14,League Two,2025-26
Braintree Town,0-0,Solihull Moors,2026-02-14,National League,2025-26
Eastleigh,2-2,Boreham Wood,2026-02-14,National League,2025-26
FC Halifax Town,1-0,Truro City,2026-02-14,National League,2025-26
Gateshead,1-2,Brackley Town,2026-02-14,National League,2025-26
Scunthorpe United,3-6,Boston United,2026-02-14,National League,2025-26
Southend United,5-1,Morecambe,2026-02-14,National League,2025-26
Tamworth,1-1,Aldershot Town,2026-02-14,National League,2025-26
Wealdstone,0-3,York City,2026-02-14,National League,2025-26
Yeovil Town,1-1,Rochdale,2026-02-14,National League,2025-26
Forest Green Rovers,1-3,Carlisle United,2026-02-14,National League,2025-26
Coventry City,3-1,Middlesbrough,2026-02-16,Championship,2025-26
Bristol City,2-2,Wrexham,2026-02-17,Championship,2025-26
Charlton Athletic,1-3,Portsmouth,2026-02-17,Championship,2025-26
Barnsley,2-1,Peterborough,2026-02-17,League One,2025-26
Bradford City,1-0,Stockport County,2026-02-17,League One,2025-26
Burton Albion,1-0,Rotherham United,2026-02-17,League One,2025-26
Cardiff City,4-1,AFC Wimbledon,2026-02-17,League One,2025-26
Doncaster Rovers,1-0,Huddersfield Town,2026-02-17,League One,2025-26
Exeter City,1-1,Wycombe Wanderers,2026-02-17,League One,2025-26
Leyton Orient,1-3,Plymouth Argyle,2026-02-17,League One,2025-26
Lincoln City,4-0,Northampton Town,2026-02-17,League One,2025-26
Stevenage,2-1,Port Vale,2026-02-17,League One,2025-26
Blackpool,1-0,Mansfield Town,2026-02-17,League One,2025-26
Reading,1-1,Bolton Wanderers,2026-02-17,League One,2025-26
Barnet,1-2,Swindon Town,2026-02-17,League Two,2025-26
Barrow,0-1,Harrogate Town,2026-02-17,League Two,2025-26
Bromley,1-1,Cheltenham Town,2026-02-17,League Two,2025-26
Cambridge United,1-1,Colchester United,2026-02-17,League Two,2025-26
Chesterfield,1-0,Gillingham,2026-02-17,League Two,2025-26
Crewe Alexandra,0-1,Fleetwood Town,2026-02-17,League Two,2025-26
Milton Keynes Dons,0-0,Crawley Town,2026-02-17,League Two,2025-26
Oldham Athletic,2-0,Bristol Rovers,2026-02-17,League Two,2025-26
Salford City,1-3,Newport County,2026-02-17,League Two,2025-26
Shrewsbury Town,1-0,Notts County,2026-02-17,League Two,2025-26
Tranmere Rovers,0-1,Accrington,2026-02-17,League Two,2025-26
FC Halifax Town,1-2,Gateshead,2026-02-17,National League,2025-26
Rochdale,1-1,Scunthorpe United,2026-02-17,National League,2025-26
Sutton United,2-1,Woking,2026-02-17,National League,2025-26
Yeovil Town,1-2,Aldershot Town,2026-02-17,National League,2025-26
Wigan Athletic,1-0,Luton Town,2026-02-18,League One,2025-26
Grimsby Town,2-2,Walsall,2026-02-18,League Two,2025-26
Wolverhampton,2-2,Arsenal,2026-02-18,Premier League,2025-26
Blackburn Rovers,1-0,Preston North End,2026-02-20,Championship,2025-26
Hull City,1-3,Queens Park Rangers,2026-02-21,Championship,2025-26
Stoke City,2-2,Leicester City,2026-02-21,Championship,2025-26
Swansea City,1-0,Bristol City,2026-02-21,Championship,2025-26
West Bromwich,0-2,Coventry City,2026-02-21,Championship,2025-26
Middlesbrough,0-0,Oxford United,2026-02-21,Championship,2025-26
Millwall,1-3,Portsmouth,2026-02-21,Championship,2025-26
Norwich City,1-2,Birmingham City,2026-02-21,Championship,2025-26
Southampton,1-1,Charlton Athletic,2026-02-21,Championship,2025-26
Watford,2-0,Derby County,2026-02-21,Championship,2025-26
Wrexham,5-3,Ipswich Town,2026-02-21,Championship,2025-26
Plymouth Argyle,5-2,Cardiff City,2026-02-21,League One,2025-26
Rotherham United,1-2,Doncaster Rovers,2026-02-21,League One,2025-26
Wycombe Wanderers,3-1,Stevenage,2026-02-21,League One,2025-26
Bolton Wanderers,2-2,Blackpool,2026-02-21,League One,2025-26
Huddersfield Town,2-1,Barnsley,2026-02-21,League One,2025-26
Luton Town,1-1,Burton Albion,2026-02-21,League One,2025-26
Mansfield Town,0-2,Lincoln City,2026-02-21,League One,2025-26
Northampton Town,1-2,Leyton Orient,2026-02-21,League One,2025-26
Peterborough,3-3,Exeter City,2026-02-21,League One,2025-26
Port Vale,1-1,Reading,2026-02-21,League One,2025-26
Stockport County,4-2,Wigan Athletic,2026-02-21,League One,2025-26
AFC Wimbledon,3-1,Bradford City,2026-02-21,League One,2025-26
Fleetwood Town,3-2,Barrow,2026-02-21,League Two,2025-26
Swindon Town,1-2,Crewe Alexandra,2026-02-21,League Two,2025-26
Accrington,0-2,Shrewsbury Town,2026-02-21,League Two,2025-26
Bristol Rovers,3-1,Grimsby Town,2026-02-21,League Two,2025-26
Cheltenham Town,3-2,Salford City,2026-02-21,League Two,2025-26
Colchester United,4-1,Barnet,2026-02-21,League Two,2025-26
Crawley Town,1-1,Chesterfield,2026-02-21,League Two,2025-26
Gillingham,0-3,Oldham Athletic,2026-02-21,League Two,2025-26
Harrogate Town,0-0,Bromley,2026-02-21,League Two,2025-26
Newport County,0-2,Cambridge United,2026-02-21,League Two,2025-26
Notts County,5-0,Tranmere Rovers,2026-02-21,League Two,2025-26
Aldershot Town,3-1,Scunthorpe United,2026-02-21,National League,2025-26
Altrincham,2-1,Braintree Town,2026-02-21,National League,2025-26
Boreham Wood,1-1,Forest Green Rovers,2026-02-21,National League,2025-26
Boston United,0-0,Tamworth,2026-02-21,National League,2025-26
Brackley Town,0-3,Southend United,2026-02-21,National League,2025-26
Carlisle United,3-0,Yeovil Town,2026-02-21,National League,2025-26
Morecambe,4-0,Eastleigh,2026-02-21,National League,2025-26
Rochdale,3-0,Woking,2026-02-21,National League,2025-26
Solihull Moors,3-4,Hartlepool United,2026-02-21,National League,2025-26
Sutton United,3-0,Wealdstone,2026-02-21,National League,2025-26
York City,4-1,FC Halifax Town,2026-02-21,National League,2025-26
Truro City,1-2,Gateshead,2026-02-21,National League,2025-26
Aston Villa,1-1,Leeds United,2026-02-21,Premier League,2025-26
Brentford,0-2,Brighton,2026-02-21,Premier League,2025-26
Chelsea,1-1,Burnley,2026-02-21,Premier League,2025-26
West Ham,0-0,Bournemouth,2026-02-21,Premier League,2025-26
Manchester City,2-1,Newcastle United,2026-02-21,Premier League,2025-26
Crystal Palace,1-0,Wolverhampton,2026-02-22,Premier League,2025-26
Nottingham Forest,0-1,Liverpool,2026-02-22,Premier League,2025-26
Sunderland,1-3,Fulham,2026-02-22,Premier League,2025-26
Tottenham Hotspur,1-4,Arsenal,2026-02-22,Premier League,2025-26
Sheffield United,2-1,Sheffield Wednesday,2026-02-22,Championship,2025-26
Everton,0-1,Manchester United,2026-02-23,Premier League,2025-26
Walsall,0-2,Milton Keynes Dons,2026-02-23,League Two,2025-26
Blackburn Rovers,1-2,Bristol City,2026-02-24,Championship,2025-26
Hull City,4-2,Derby County,2026-02-24,Championship,2025-26
Middlesbrough,1-1,Leicester City,2026-02-24,Championship,2025-26
Swansea City,1-1,Preston North End,2026-02-24,Championship,2025-26
Watford,0-2,Ipswich Town,2026-02-24,Championship,2025-26
West Bromwich,1-1,Charlton Athletic,2026-02-24,Championship,2025-26
Wrexham,2-1,Portsmouth,2026-02-24,Championship,2025-26
Southampton,5-0,Queens Park Rangers,2026-02-24,Championship,2025-26
Bradford City,1-0,Rotherham United,2026-02-24,League One,2025-26
Burton Albion,3-0,Stockport County,2026-02-24,League One,2025-26
Northampton Town,0-1,Port Vale,2026-02-24,League One,2025-26
Accrington,0-1,Barnet,2026-02-24,League Two,2025-26
Salford City,1-2,Shrewsbury Town,2026-02-24,League Two,2025-26
FC Halifax Town,2-2,Rochdale,2026-02-24,National League,2025-26
Forest Green Rovers,2-3,Boston United,2026-02-24,National League,2025-26
Scunthorpe United,0-3,York City,2026-02-24,National League,2025-26
Southend United,0-2,Boreham Wood,2026-02-24,National League,2025-26
Tamworth,5-1,Altrincham,2026-02-24,National League,2025-26
Wealdstone,2-1,Brackley Town,2026-02-24,National League,2025-26
Millwall,3-0,Birmingham City,2026-02-25,Championship,2025-26
Norwich City,2-0,Sheffield Wednesday,2026-02-25,Championship,2025-26
Sheffield United,1-2,Coventry City,2026-02-25,Championship,2025-26
Stoke City,2-1,Oxford United,2026-02-25,Championship,2025-26
Braintree Town,1-2,Aldershot Town,2026-02-25,National League,2025-26
Eastleigh,2-1,Truro City,2026-02-25,National League,2025-26
Gateshead,4-4,Morecambe,2026-02-25,National League,2025-26
Hartlepool United,3-1,Carlisle United,2026-02-25,National League,2025-26
Yeovil Town,3-2,Sutton United,2026-02-25,National League,2025-26
Wolverhampton,2-0,Aston Villa,2026-02-27,Premier League,2025-26
Bristol City,1-2,Watford,2026-02-27,Championship,2025-26
Harrogate Town,1-1,Cheltenham Town,2026-02-27,League Two,2025-26
Leyton Orient,1-3,Barnsley,2026-02-28,League One,2025-26
Northampton Town,1-1,Peterborough,2026-02-28,League One,2025-26
Doncaster Rovers,0-4,Cardiff City,2026-02-28,League One,2025-26
Exeter City,1-5,Bolton Wanderers,2026-02-28,League One,2025-26
Lincoln City,4-0,Blackpool,2026-02-28,League One,2025-26
Mansfield Town,2-2,AFC Wimbledon,2026-02-28,League One,2025-26
Port Vale,1-1,Luton Town,2026-02-28,League One,2025-26
Reading,2-1,Bradford City,2026-02-28,League One,2025-26
Rotherham United,1-0,Plymouth Argyle,2026-02-28,League One,2025-26
Stevenage,2-1,Stockport County,2026-02-28,League One,2025-26
Wigan Athletic,1-0,Huddersfield Town,2026-02-28,League One,2025-26
Wycombe Wanderers,3-0,Burton Albion,2026-02-28,League One,2025-26
Aldershot Town,0-2,Rochdale,2026-02-28,National League,2025-26
Brackley Town,0-2,Altrincham,2026-02-28,National League,2025-26
Eastleigh,1-2,Carlisle United,2026-02-28,National League,2025-26
FC Halifax Town,2-2,Sutton United,2026-02-28,National League,2025-26
Gateshead,0-2,Forest Green Rovers,2026-02-28,National League,2025-26
Scunthorpe United,3-3,Solihull Moors,2026-02-28,National League,2025-26
Tamworth,3-2,Boreham Wood,2026-02-28,National League,2025-26
Truro City,2-3,Braintree Town,2026-02-28,National League,2025-26
Derby County,3-1,Blackburn Rovers,2026-02-28,Championship,2025-26
Leicester City,0-2,Norwich City,2026-02-28,Championship,2025-26
Portsmouth,0-1,Hull City,2026-02-28,Championship,2025-26
Charlton Athletic,0-1,Wrexham,2026-02-28,Championship,2025-26
Coventry City,2-1,Stoke City,2026-02-28,Championship,2025-26
Ipswich Town,3-0,Swansea City,2026-02-28,Championship,2025-26
Oxford United,2-1,West Bromwich,2026-02-28,Championship,2025-26
Preston North End,0-2,Millwall,2026-02-28,Championship,2025-26
Queens Park Rangers,0-2,Sheffield United,2026-02-28,Championship,2025-26
Sheffield Wednesday,1-3,Southampton,2026-02-28,Championship,2025-26
Cambridge United,1-1,Milton Keynes Dons,2026-02-28,League Two,2025-26
Shrewsbury Town,1-2,Walsall,2026-02-28,League Two,2025-26
Swindon Town,1-1,Bristol Rovers,2026-02-28,League Two,2025-26
Barnet,1-0,Chesterfield,2026-02-28,League Two,2025-26
Barrow,0-1,Gillingham,2026-02-28,League Two,2025-26
Bromley,2-1,Accrington,2026-02-28,League Two,2025-26
Colchester United,0-1,Salford City,2026-02-28,League Two,2025-26
Crewe Alexandra,2-1,Tranmere Rovers,2026-02-28,League Two,2025-26
Fleetwood Town,0-0,Newport County,2026-02-28,League Two,2025-26
Notts County,0-1,Grimsby Town,2026-02-28,League Two,2025-26
Oldham Athletic,2-0,Crawley Town,2026-02-28,League Two,2025-26
Bournemouth,1-1,Sunderland,2026-02-28,Premier League,2025-26
Burnley,3-4,Brentford,2026-02-28,Premier League,2025-26
Liverpool,5-2,West Ham,2026-02-28,Premier League,2025-26
Newcastle United,2-3,Everton,2026-02-28,Premier League,2025-26
Leeds United,0-1,Manchester City,2026-02-28,Premier League,2025-26
Morecambe,0-1,York City,2026-02-28,National League,2025-26
Brighton,2-1,Nottingham Forest,2026-03-01,Premier League,2025-26
Fulham,2-1,Tottenham Hotspur,2026-03-01,Premier League,2025-26
Manchester United,2-1,Crystal Palace,2026-03-01,Premier League,2025-26
Arsenal,2-1,Chelsea,2026-03-01,Premier League,2025-26
Birmingham City,1-3,Middlesbrough,2026-03-02,Championship,2025-26
Bournemouth,0-0,Brentford,2026-03-03,Premier League,2025-26
Everton,2-0,Burnley,2026-03-03,Premier League,2025-26
Leeds United,0-1,Sunderland,2026-03-03,Premier League,2025-26
Wolverhampton,2-1,Liverpool,2026-03-03,Premier League,2025-26
Ipswich Town,1-0,Hull City,2026-03-03,Championship,2025-26
Barnsley,0-1,Wycombe Wanderers,2026-03-03,League One,2025-26
Exeter City,1-1,Burton Albion,2026-03-03,League One,2025-26
Rotherham United,0-0,Mansfield Town,2026-03-03,League One,2025-26
Bromley,0-0,Oldham Athletic,2026-03-03,League Two,2025-26
Chesterfield,3-0,Colchester United,2026-03-03,League Two,2025-26
Grimsby Town,3-1,Salford City,2026-03-03,League Two,2025-26
Newport County,3-1,Tranmere Rovers,2026-03-03,League Two,2025-26
Walsall,0-1,Fleetwood Town,2026-03-03,League Two,2025-26
Boreham Wood,3-2,York City,2026-03-03,National League,2025-26
Boston United,2-2,Woking,2026-03-03,National League,2025-26
Hartlepool United,0-2,Sutton United,2026-03-03,National League,2025-26
Rochdale,3-2,Brackley Town,2026-03-03,National League,2025-26
Southend United,1-1,Truro City,2026-03-03,National League,2025-26
Wealdstone,2-3,Morecambe,2026-03-03,National League,2025-26
Yeovil Town,2-0,Tamworth,2026-03-03,National League,2025-26
Gateshead,1-0,Braintree Town,2026-03-04,National League,2025-26
Aston Villa,1-4,Chelsea,2026-03-05,Premier League,2025-26
Brighton,0-1,Arsenal,2026-03-05,Premier League,2025-26
Fulham,0-1,West Ham,2026-03-05,Premier League,2025-26
Manchester City,2-2,Nottingham Forest,2026-03-05,Premier League,2025-26
Newcastle United,2-1,Manchester United,2026-03-05,Premier League,2025-26
Tottenham Hotspur,1-3,Crystal Palace,2026-03-05,Premier League,2025-26
Preston North End,1-3,Oxford United,2026-03-06,Championship,2025-26
Cheltenham Town,2-2,Barrow,2026-03-06,League Two,2025-26
Blackburn Rovers,1-1,Portsmouth,2026-03-07,Championship,2025-26
Hull City,1-3,Millwall,2026-03-07,Championship,2025-26
Bristol City,0-2,Coventry City,2026-03-07,Championship,2025-26
Charlton Athletic,1-0,Birmingham City,2026-03-07,Championship,2025-26
Derby County,2-1,Sheffield Wednesday,2026-03-07,Championship,2025-26
Ipswich Town,1-1,Leicester City,2026-03-07,Championship,2025-26
Sheffield United,1-1,West Bromwich,2026-03-07,Championship,2025-26
Swansea City,2-0,Stoke City,2026-03-07,Championship,2025-26
Cardiff City,0-2,Lincoln City,2026-03-07,League One,2025-26
Huddersfield Town,1-0,Rotherham United,2026-03-07,League One,2025-26
Barnsley,2-1,Exeter City,2026-03-07,League One,2025-26
Blackpool,1-1,Wigan Athletic,2026-03-07,League One,2025-26
Bolton Wanderers,3-2,Wycombe Wanderers,2026-03-07,League One,2025-26
Bradford City,2-1,Leyton Orient,2026-03-07,League One,2025-26
Burton Albion,0-1,Stevenage,2026-03-07,League One,2025-26
Luton Town,2-3,Reading,2026-03-07,League One,2025-26
Plymouth Argyle,2-1,Doncaster Rovers,2026-03-07,League One,2025-26
Grimsby Town,1-1,Bromley,2026-03-07,League Two,2025-26
Salford City,2-0,Barnet,2026-03-07,League Two,2025-26
Accrington,1-1,Cambridge United,2026-03-07,League Two,2025-26
Bristol Rovers,2-1,Crewe Alexandra,2026-03-07,League Two,2025-26
Chesterfield,2-3,Shrewsbury Town,2026-03-07,League Two,2025-26
Crawley Town,2-2,Swindon Town,2026-03-07,League Two,2025-26
Gillingham,1-1,Fleetwood Town,2026-03-07,League Two,2025-26
Milton Keynes Dons,4-1,Harrogate Town,2026-03-07,League Two,2025-26
Newport County,1-2,Colchester United,2026-03-07,League Two,2025-26
Tranmere Rovers,1-3,Oldham Athletic,2026-03-07,League Two,2025-26
Walsall,1-2,Notts County,2026-03-07,League Two,2025-26
AFC Wimbledon,1-0,Northampton Town,2026-03-08,League One,2025-26
Queens Park Rangers,0-4,Middlesbrough,2026-03-08,Championship,2025-26
Leicester City,2-0,Bristol City,2026-03-10,Championship,2025-26
Millwall,1-0,Derby County,2026-03-10,Championship,2025-26
Portsmouth,1-2,Swansea City,2026-03-10,Championship,2025-26
Sheffield Wednesday,1-1,Watford,2026-03-10,Championship,2025-26
Wrexham,1-2,Hull City,2026-03-10,Championship,2025-26
Stoke City,3-3,Ipswich Town,2026-03-10,Championship,2025-26
Barnsley,1-1,Cardiff City,2026-03-10,League One,2025-26
Doncaster Rovers,1-1,Luton Town,2026-03-10,League One,2025-26
Exeter City,0-1,Lincoln City,2026-03-10,League One,2025-26
Mansfield Town,1-0,Reading,2026-03-10,League One,2025-26
Stevenage,1-2,Leyton Orient,2026-03-10,League One,2025-26
Wigan Athletic,0-3,Plymouth Argyle,2026-03-10,League One,2025-26
Barrow,0-2,Bristol Rovers,2026-03-10,League Two,2025-26
Fleetwood Town,2-2,Cheltenham Town,2026-03-10,League Two,2025-26
Gillingham,1-5,Milton Keynes Dons,2026-03-10,League Two,2025-26
Salford City,1-0,Walsall,2026-03-10,League Two,2025-26
Aldershot Town,0-2,Carlisle United,2026-03-10,National League,2025-26
Eastleigh,2-1,Brackley Town,2026-03-10,National League,2025-26
Scunthorpe United,1-2,Sutton United,2026-03-10,National League,2025-26
Southend United,1-1,Gateshead,2026-03-10,National League,2025-26
Wealdstone,3-2,Tamworth,2026-03-10,National League,2025-26
Woking,2-2,Boreham Wood,2026-03-10,National League,2025-26
Boreham Wood,5-3,Brackley Town,2026-03-07,National League,2025-26
Altrincham,2-0,Truro City,2026-03-07,National League,2025-26
Braintree Town,1-4,Wealdstone,2026-03-07,National League,2025-26
Forest Green Rovers,2-1,Aldershot Town,2026-03-07,National League,2025-26
Hartlepool United,0-1,FC Halifax Town,2026-03-07,National League,2025-26
Rochdale,1-0,Boston United,2026-03-07,National League,2025-26
Solihull Moors,1-2,Gateshead,2026-03-07,National League,2025-26
Sutton United,0-5,Morecambe,2026-03-07,National League,2025-26
Woking,3-1,Tamworth,2026-03-07,National League,2025-26
Yeovil Town,0-3,Scunthorpe United,2026-03-07,National League,2025-26
York City,3-1,Eastleigh,2026-03-07,National League,2025-26
Carlisle United,2-2,Southend United,2026-03-07,National League,2025-26
Birmingham City,1-0,Queens Park Rangers,2026-03-11,Championship,2025-26
Middlesbrough,0-1,Charlton Athletic,2026-03-11,Championship,2025-26
Norwich City,2-1,Sheffield United,2026-03-11,Championship,2025-26
Oxford United,1-0,Blackburn Rovers,2026-03-11,Championship,2025-26
West Bromwich,1-1,Southampton,2026-03-11,Championship,2025-26
Coventry City,3-0,Preston North End,2026-03-11,Championship,2025-26
AFC Wimbledon,4-1,Blackpool,2026-03-11,League One,2025-26
Port Vale,0-2,Bradford City,2026-03-11,League One,2025-26
Wrexham,2-0,Swansea City,2026-03-13,Championship,2025-26
Coventry City,1-2,Southampton,2026-03-14,Championship,2025-26
Middlesbrough,1-1,Bristol City,2026-03-14,Championship,2025-26
Oxford United,1-1,Charlton Athletic,2026-03-14,Championship,2025-26
Birmingham City,1-1,Sheffield United,2026-03-14,Championship,2025-26
Leicester City,1-3,Queens Park Rangers,2026-03-14,Championship,2025-26
Millwall,1-2,Blackburn Rovers,2026-03-14,Championship,2025-26
Norwich City,2-0,Preston North End,2026-03-14,Championship,2025-26
Sheffield Wednesday,0-2,Ipswich Town,2026-03-14,Championship,2025-26
Stoke City,3-1,Watford,2026-03-14,Championship,2025-26
West Bromwich,3-0,Hull City,2026-03-14,Championship,2025-26
Lincoln City,3-1,Stockport County,2026-03-14,League One,2025-26
Rotherham United,2-2,Bolton Wanderers,2026-03-14,League One,2025-26
Doncaster Rovers,2-1,Blackpool,2026-03-14,League One,2025-26
Exeter City,0-4,Cardiff City,2026-03-14,League One,2025-26
Leyton Orient,2-1,Peterborough,2026-03-14,League One,2025-26
Mansfield Town,2-2,Barnsley,2026-03-14,League One,2025-26
Northampton Town,0-2,Burton Albion,2026-03-14,League One,2025-26
Port Vale,0-0,Huddersfield Town,2026-03-14,League One,2025-26
Reading,2-2,Plymouth Argyle,2026-03-14,League One,2025-26
Stevenage,1-0,AFC Wimbledon,2026-03-14,League One,2025-26
Wigan Athletic,2-0,Bradford City,2026-03-14,League One,2025-26
Wycombe Wanderers,1-2,Luton Town,2026-03-14,League One,2025-26
Colchester United,0-0,Crawley Town,2026-03-13,League Two,2025-26
Harrogate Town,0-1,Salford City,2026-03-14,League Two,2025-26
Notts County,2-3,Chesterfield,2026-03-14,League Two,2025-26
Barnet,1-2,Newport County,2026-03-14,League Two,2025-26
Barrow,0-0,Accrington,2026-03-14,League Two,2025-26
Bromley,1-0,Bristol Rovers,2026-03-14,League Two,2025-26
Cambridge United,5-0,Gillingham,2026-03-14,League Two,2025-26
Crewe Alexandra,0-3,Walsall,2026-03-14,League Two,2025-26
Fleetwood Town,0-0,Tranmere Rovers,2026-03-14,League Two,2025-26
Oldham Athletic,1-0,Grimsby Town,2026-03-14,League Two,2025-26
Shrewsbury Town,0-2,Cheltenham Town,2026-03-14,League Two,2025-26
Swindon Town,1-2,Milton Keynes Dons,2026-03-14,League Two,2025-26
Wealdstone,5-1,Solihull Moors,2026-03-14,National League,2025-26
Aldershot Town,0-3,York City,2026-03-14,National League,2025-26
Boston United,2-1,Yeovil Town,2026-03-14,National League,2025-26
Brackley Town,1-4,Woking,2026-03-14,National League,2025-26
FC Halifax Town,3-2,Boreham Wood,2026-03-14,National League,2025-26
Gateshead,1-1,Sutton United,2026-03-14,National League,2025-26
Southend United,2-0,Forest Green Rovers,2026-03-14,National League,2025-26
Tamworth,2-1,Carlisle United,2026-03-14,National League,2025-26
Truro City,0-1,Hartlepool United,2026-03-14,National League,2025-26
Eastleigh,1-3,Rochdale,2026-03-14,National League,2025-26
Morecambe,1-1,Braintree Town,2026-03-14,National League,2025-26
Scunthorpe United,2-1,Altrincham,2026-03-14,National League,2025-26
Burnley,0-0,Bournemouth,2026-03-14,Premier League,2025-26
Sunderland,0-1,Brighton,2026-03-14,Premier League,2025-26
Arsenal,2-0,Everton,2026-03-14,Premier League,2025-26
Chelsea,0-1,Newcastle United,2026-03-14,Premier League,2025-26
West Ham,1-1,Manchester City,2026-03-14,Premier League,2025-26
Crystal Palace,0-0,Leeds United,2026-03-15,Premier League,2025-26
Manchester United,3-1,Aston Villa,2026-03-15,Premier League,2025-26
Nottingham Forest,0-0,Fulham,2026-03-15,Premier League,2025-26
Liverpool,1-1,Tottenham Hotspur,2026-03-15,Premier League,2025-26
Brentford,2-2,Wolverhampton,2026-03-16,Premier League,2025-26
Portsmouth,0-1,Derby County,2026-03-16,Championship,2025-26
Watford,3-1,Wrexham,2026-03-17,Championship,2025-26
AFC Wimbledon,2-4,Leyton Orient,2026-03-17,League One,2025-26
Blackpool,3-2,Port Vale,2026-03-17,League One,2025-26
Bolton Wanderers,0-0,Doncaster Rovers,2026-03-17,League One,2025-26
Bradford City,1-1,Mansfield Town,2026-03-17,League One,2025-26
Burton Albion,1-2,Reading,2026-03-17,League One,2025-26
Cardiff City,0-2,Wycombe Wanderers,2026-03-17,League One,2025-26
Huddersfield Town,2-2,Lincoln City,2026-03-17,League One,2025-26
Luton Town,3-2,Exeter City,2026-03-17,League One,2025-26
Peterborough,5-0,Rotherham United,2026-03-17,League One,2025-26
Plymouth Argyle,1-0,Stevenage,2026-03-17,League One,2025-26
Stockport County,2-1,Northampton Town,2026-03-17,League One,2025-26
Barnsley,1-1,Wigan Athletic,2026-03-17,League One,2025-26
Newport County,0-1,Bromley,2026-03-17,League Two,2025-26
Accrington,0-4,Notts County,2026-03-17,League Two,2025-26
Bristol Rovers,1-0,Shrewsbury Town,2026-03-17,League Two,2025-26
Cheltenham Town,1-1,Crewe Alexandra,2026-03-17,League Two,2025-26
Chesterfield,0-3,Oldham Athletic,2026-03-17,League Two,2025-26
Crawley Town,1-1,Barnet,2026-03-17,League Two,2025-26
Gillingham,0-2,Swindon Town,2026-03-17,League Two,2025-26
Grimsby Town,1-0,Fleetwood Town,2026-03-17,League Two,2025-26
Salford City,3-1,Barrow,2026-03-17,League Two,2025-26
Tranmere Rovers,0-3,Harrogate Town,2026-03-17,League Two,2025-26
Walsall,0-0,Cambridge United,2026-03-17,League Two,2025-26
Brackley Town,1-1,Solihull Moors,2026-03-18,National League,2025-26
Gateshead,1-0,Wealdstone,2026-03-18,National League,2025-26
Southend United,3-2,Rochdale,2026-03-18,National League,2025-26
Truro City,1-2,Scunthorpe United,2026-03-18,National League,2025-26
Woking,1-0,Yeovil Town,2026-03-18,National League,2025-26
Southampton,1-0,Norwich City,2026-03-19,Championship,2025-26
Cardiff City,0-0,Blackpool,2026-03-21,League One,2025-26
Luton Town,1-1,Stockport County,2026-03-21,League One,2025-26
AFC Wimbledon,1-1,Peterborough,2026-03-21,League One,2025-26
Barnsley,0-1,Doncaster Rovers,2026-03-21,League One,2025-26
Burton Albion,2-1,Bradford City,2026-03-21,League One,2025-26
Leyton Orient,2-0,Wycombe Wanderers,2026-03-21,League One,2025-26
Lincoln City,3-0,Rotherham United,2026-03-21,League One,2025-26
Mansfield Town,4-1,Northampton Town,2026-03-21,League One,2025-26
Plymouth Argyle,3-1,Huddersfield Town,2026-03-21,League One,2025-26
Port Vale,1-0,Bolton Wanderers,2026-03-21,League One,2025-26
Stevenage,1-0,Reading,2026-03-21,League One,2025-26
Wigan Athletic,2-0,Exeter City,2026-03-21,League One,2025-26
Cambridge United,1-0,Salford City,2026-03-21,League Two,2025-26
Milton Keynes Dons,1-3,Barnet,2026-03-21,League Two,2025-26
Accrington,0-1,Chesterfield,2026-03-21,League Two,2025-26
Bromley,1-0,Colchester United,2026-03-21,League Two,2025-26
Fleetwood Town,1-0,Crawley Town,2026-03-21,League Two,2025-26
Gillingham,1-2,Bristol Rovers,2026-03-21,League Two,2025-26
Grimsby Town,5-0,Barrow,2026-03-21,League Two,2025-26
Notts County,5-2,Cheltenham Town,2026-03-21,League Two,2025-26
Oldham Athletic,1-0,Harrogate Town,2026-03-21,League Two,2025-26
Shrewsbury Town,0-4,Crewe Alexandra,2026-03-21,League Two,2025-26
Tranmere Rovers,0-1,Swindon Town,2026-03-21,League Two,2025-26
Walsall,2-1,Newport County,2026-03-21,League Two,2025-26
Milton Keynes Dons,1-0,Colchester United,2026-03-18,League Two,2025-26
Preston North End,3-1,Stoke City,2026-03-20,Championship,2025-26
Blackburn Rovers,0-0,Middlesbrough,2026-03-21,Championship,2025-26
Derby County,1-0,Birmingham City,2026-03-21,Championship,2025-26
Ipswich Town,1-1,Millwall,2026-03-21,Championship,2025-26
Bristol City,0-1,West Bromwich,2026-03-21,Championship,2025-26
Charlton Athletic,0-1,Norwich City,2026-03-21,Championship,2025-26
Hull City,3-1,Sheffield Wednesday,2026-03-21,Championship,2025-26
Queens Park Rangers,6-1,Portsmouth,2026-03-21,Championship,2025-26
Sheffield United,1-2,Wrexham,2026-03-21,Championship,2025-26
Southampton,2-0,Oxford United,2026-03-21,Championship,2025-26
Watford,0-0,Leicester City,2026-03-21,Championship,2025-26
Swansea City,0-3,Coventry City,2026-03-21,Championship,2025-26
Bournemouth,2-2,Manchester United,2026-03-20,Premier League,2025-26
Brighton,2-1,Liverpool,2026-03-21,Premier League,2025-26
Fulham,3-1,Burnley,2026-03-21,Premier League,2025-26
Everton,3-0,Chelsea,2026-03-21,Premier League,2025-26
Leeds United,0-0,Brentford,2026-03-21,Premier League,2025-26
Newcastle United,1-2,Sunderland,2026-03-22,Premier League,2025-26
Aston Villa,2-0,West Ham,2026-03-22,Premier League,2025-26
Tottenham Hotspur,0-3,Nottingham Forest,2026-03-22,Premier League,2025-26
Woking,3-2,Aldershot Town,2026-03-21,National League,2025-26
Altrincham,1-0,Southend United,2026-03-21,National League,2025-26
Boreham Wood,3-0,Gateshead,2026-03-21,National League,2025-26
Braintree Town,2-3,Scunthorpe United,2026-03-21,National League,2025-26
Carlisle United,6-2,Boston United,2026-03-21,National League,2025-26
Forest Green Rovers,2-0,Wealdstone,2026-03-21,National League,2025-26
Hartlepool United,1-0,Eastleigh,2026-03-21,National League,2025-26
Rochdale,3-2,Tamworth,2026-03-21,National League,2025-26
Sutton United,0-3,Truro City,2026-03-21,National League,2025-26
Yeovil Town,3-2,Morecambe,2026-03-21,National League,2025-26
York City,4-0,Brackley Town,2026-03-21,National League,2025-26
Solihull Moors,0-3,FC Halifax Town,2026-03-21,National League,2025-26
Doncaster Rovers,1-0,Port Vale,2026-03-24,League One,2025-26
Oldham Athletic,3-0,Notts County,2026-03-24,League Two,2025-26
Aldershot Town,1-2,Boreham Wood,2026-03-24,National League,2025-26
Boston United,2-2,Altrincham,2026-03-24,National League,2025-26
Brackley Town,1-1,Braintree Town,2026-03-24,National League,2025-26
Eastleigh,0-2,Sutton United,2026-03-24,National League,2025-26
FC Halifax Town,0-1,Carlisle United,2026-03-24,National League,2025-26
Gateshead,3-1,York City,2026-03-24,National League,2025-26
Morecambe,2-3,Hartlepool United,2026-03-25,National League,2025-26
Scunthorpe United,2-2,Rochdale,2026-03-25,National League,2025-26
Southend United,1-1,Woking,2026-03-25,National League,2025-26
Tamworth,1-0,Forest Green Rovers,2026-03-25,National League,2025-26
Truro City,1-1,Solihull Moors,2026-03-25,National League,2025-26
Wealdstone,0-2,Yeovil Town,2026-03-25,National League,2025-26
Blackpool,1-0,Burton Albion,2026-03-28,League One,2025-26
Exeter City,0-0,Leyton Orient,2026-03-28,League One,2025-26
Reading,3-0,Wigan Athletic,2026-03-28,League One,2025-26
Stockport County,3-0,AFC Wimbledon,2026-03-28,League One,2025-26
Wycombe Wanderers,4-0,Port Vale,2026-03-28,League One,2025-26
Harrogate Town,0-2,Notts County,2026-03-28,League Two,2025-26
Barnet,1-0,Cambridge United,2026-03-28,League Two,2025-26
Barrow,2-1,Bromley,2026-03-28,League Two,2025-26
Bristol Rovers,2-0,Accrington,2026-03-28,League Two,2025-26
Colchester United,1-1,Walsall,2026-03-28,League Two,2025-26
Crawley Town,2-0,Gillingham,2026-03-28,League Two,2025-26
Crewe Alexandra,2-1,Oldham Athletic,2026-03-28,League Two,2025-26
Newport County,1-0,Shrewsbury Town,2026-03-28,League Two,2025-26
Salford City,1-0,Milton Keynes Dons,2026-03-28,League Two,2025-26
Swindon Town,1-1,Fleetwood Town,2026-03-28,League Two,2025-26
Brackley Town,0-1,Tamworth,2026-03-28,National League,2025-26
Braintree Town,1-2,Carlisle United,2026-03-28,National League,2025-26
Eastleigh,2-4,Forest Green Rovers,2026-03-28,National League,2025-26
FC Halifax Town,1-2,Scunthorpe United,2026-03-28,National League,2025-26
Gateshead,2-1,Yeovil Town,2026-03-28,National League,2025-26
Morecambe,0-2,Aldershot Town,2026-03-28,National League,2025-26
Solihull Moors,1-0,Altrincham,2026-03-28,National League,2025-26
Sutton United,1-2,Rochdale,2026-03-28,National League,2025-26
Truro City,0-0,Boreham Wood,2026-03-28,National League,2025-26
York City,1-0,Woking,2026-03-28,National League,2025-26
Southend United,2-1,Yeovil Town,2026-03-31,National League,2025-26
Wealdstone,7-0,Hartlepool United,2026-03-31,National League,2025-26
Woking,1-1,Altrincham,2026-03-31,National League,2025-26
Middlesbrough,1-2,Millwall,2026-04-03,Championship,2025-26
Birmingham City,0-1,Blackburn Rovers,2026-04-03,Championship,2025-26
Charlton Athletic,1-2,Bristol City,2026-04-03,Championship,2025-26
Leicester City,2-2,Preston North End,2026-04-03,Championship,2025-26
Norwich City,1-1,Portsmouth,2026-04-03,Championship,2025-26
Oxford United,1-1,Hull City,2026-04-03,Championship,2025-26
Queens Park Rangers,2-1,Watford,2026-04-03,Championship,2025-26
Sheffield United,3-3,Swansea City,2026-04-03,Championship,2025-26
Stoke City,2-0,Sheffield Wednesday,2026-04-03,Championship,2025-26
West Bromwich,2-2,Wrexham,2026-04-03,Championship,2025-26
Wigan Athletic,0-0,Leyton Orient,2026-04-02,League One,2025-26
Doncaster Rovers,0-2,Mansfield Town,2026-04-03,League One,2025-26
Blackpool,1-0,Exeter City,2026-04-03,League One,2025-26
Bradford City,1-0,Northampton Town,2026-04-03,League One,2025-26
Burton Albion,1-1,Barnsley,2026-04-03,League One,2025-26
Huddersfield Town,1-1,Reading,2026-04-03,League One,2025-26
Lincoln City,1-0,AFC Wimbledon,2026-04-03,League One,2025-26
Luton Town,2-1,Peterborough,2026-04-03,League One,2025-26
Plymouth Argyle,1-2,Bolton Wanderers,2026-04-03,League One,2025-26
Rotherham United,0-0,Stevenage,2026-04-03,League One,2025-26
Stockport County,3-0,Wycombe Wanderers,2026-04-03,League One,2025-26
Cambridge United,1-1,Swindon Town,2026-04-02,League Two,2025-26
Accrington,2-0,Crewe Alexandra,2026-04-03,League Two,2025-26
Barnet,2-2,Bromley,2026-04-03,League Two,2025-26
Bristol Rovers,1-0,Fleetwood Town,2026-04-03,League Two,2025-26
Chesterfield,1-0,Cheltenham Town,2026-04-03,League Two,2025-26
Colchester United,1-3,Oldham Athletic,2026-04-03,League Two,2025-26
Grimsby Town,1-3,Harrogate Town,2026-04-03,League Two,2025-26
Milton Keynes Dons,0-0,Barrow,2026-04-03,League Two,2025-26
Newport County,0-2,Crawley Town,2026-04-03,League Two,2025-26
Salford City,2-1,Notts County,2026-04-03,League Two,2025-26
Shrewsbury Town,1-0,Tranmere Rovers,2026-04-03,League Two,2025-26
Walsall,2-2,Gillingham,2026-04-03,League Two,2025-26
Aldershot Town,2-2,Sutton United,2026-04-03,National League,2025-26
Altrincham,0-1,FC Halifax Town,2026-04-03,National League,2025-26
Boreham Wood,5-1,Wealdstone,2026-04-03,National League,2025-26
Boston United,0-1,York City,2026-04-03,National League,2025-26
Carlisle United,0-0,Gateshead,2026-04-03,National League,2025-26
Forest Green Rovers,4-0,Brackley Town,2026-04-03,National League,2025-26
Rochdale,2-4,Morecambe,2026-04-03,National League,2025-26
Scunthorpe United,0-0,Hartlepool United,2026-04-03,National League,2025-26
Southend United,3-2,Braintree Town,2026-04-03,National League,2025-26
Tamworth,1-0,Solihull Moors,2026-04-03,National League,2025-26
Woking,3-3,Eastleigh,2026-04-03,National League,2025-26
Yeovil Town,1-0,Truro City,2026-04-03,National League,2025-26
Coventry City,3-2,Derby County,2026-04-03,Championship,2025-26
AFC Wimbledon,0-3,Luton Town,2026-04-06,League One,2025-26
Barnsley,0-3,Plymouth Argyle,2026-04-06,League One,2025-26
Bolton Wanderers,2-2,Stockport County,2026-04-06,League One,2025-26
Exeter City,3-0,Doncaster Rovers,2026-04-06,League One,2025-26
Leyton Orient,1-2,Huddersfield Town,2026-04-06,League One,2025-26
Mansfield Town,0-0,Burton Albion,2026-04-06,League One,2025-26
Northampton Town,1-3,Wigan Athletic,2026-04-06,League One,2025-26
Peterborough,1-1,Cardiff City,2026-04-06,League One,2025-26
Reading,1-2,Lincoln City,2026-04-06,League One,2025-26
Stevenage,1-0,Blackpool,2026-04-06,League One,2025-26
Wycombe Wanderers,1-2,Bradford City,2026-04-06,League One,2025-26
Portsmouth,2-2,Oxford United,2026-04-06,Championship,2025-26
Millwall,1-2,Norwich City,2026-04-06,Championship,2025-26
Blackburn Rovers,0-0,West Bromwich,2026-04-06,Championship,2025-26
Bristol City,1-0,Sheffield United,2026-04-06,Championship,2025-26
Derby County,2-0,Stoke City,2026-04-06,Championship,2025-26
Ipswich Town,2-1,Birmingham City,2026-04-06,Championship,2025-26
Preston North End,1-1,Queens Park Rangers,2026-04-06,Championship,2025-26
Sheffield Wednesday,1-1,Leicester City,2026-04-06,Championship,2025-26
Watford,1-1,Charlton Athletic,2026-04-06,Championship,2025-26
Swansea City,2-2,Middlesbrough,2026-04-06,Championship,2025-26
Barrow,0-1,Chesterfield,2026-04-06,League Two,2025-26
Cheltenham Town,1-1,Cambridge United,2026-04-06,League Two,2025-26
Crawley Town,0-2,Grimsby Town,2026-04-06,League Two,2025-26
Crewe Alexandra,1-0,Salford City,2026-04-06,League Two,2025-26
Fleetwood Town,2-5,Barnet,2026-04-06,League Two,2025-26
Gillingham,2-0,Accrington,2026-04-06,League Two,2025-26
Harrogate Town,2-3,Bristol Rovers,2026-04-06,League Two,2025-26
Notts County,3-1,Newport County,2026-04-06,League Two,2025-26
Oldham Athletic,1-1,Milton Keynes Dons,2026-04-06,League Two,2025-26
Swindon Town,2-1,Walsall,2026-04-06,League Two,2025-26
Tranmere Rovers,0-1,Colchester United,2026-04-06,League Two,2025-26
Hull City,0-0,Coventry City,2026-04-06,Championship,2025-26
Brackley Town,1-1,Boston United,2026-04-06,National League,2025-26
Braintree Town,0-0,Woking,2026-04-06,National League,2025-26
Eastleigh,2-1,Yeovil Town,2026-04-06,National League,2025-26
FC Halifax Town,2-2,Tamworth,2026-04-06,National League,2025-26
Gateshead,2-0,Scunthorpe United,2026-04-06,National League,2025-26
Hartlepool United,0-0,Rochdale,2026-04-06,National League,2025-26
Morecambe,2-2,Carlisle United,2026-04-06,National League,2025-26
Solihull Moors,4-1,Boreham Wood,2026-04-06,National League,2025-26
Sutton United,0-3,Southend United,2026-04-06,National League,2025-26
Truro City,1-1,Forest Green Rovers,2026-04-06,National League,2025-26
Wealdstone,3-0,Aldershot Town,2026-04-06,National League,2025-26
York City,2-1,Altrincham,2026-04-06,National League,2025-26
Wrexham,1-5,Southampton,2026-04-07,Championship,2025-26
Port Vale,1-0,Rotherham United,2026-04-07,League One,2025-26
Bromley,2-1,Shrewsbury Town,2026-04-07,League Two,2025-26
West Bromwich,0-0,Millwall,2026-04-10,Championship,2025-26
Coventry City,0-0,Sheffield Wednesday,2026-04-11,Championship,2025-26
Norwich City,0-2,Ipswich Town,2026-04-11,Championship,2025-26
Queens Park Rangers,0-0,Bristol City,2026-04-11,Championship,2025-26
Charlton Athletic,1-2,Preston North End,2026-04-11,Championship,2025-26
Leicester City,0-1,Swansea City,2026-04-11,Championship,2025-26
Middlesbrough,0-1,Portsmouth,2026-04-11,Championship,2025-26
Oxford United,2-0,Watford,2026-04-11,Championship,2025-26
Sheffield United,2-1,Hull City,2026-04-11,Championship,2025-26
Southampton,2-1,Derby County,2026-04-11,Championship,2025-26
Stoke City,1-1,Blackburn Rovers,2026-04-11,Championship,2025-26
Birmingham City,2-0,Wrexham,2026-04-12,Championship,2025-26
Cardiff City,2-0,Bolton Wanderers,2026-04-11,League One,2025-26
Lincoln City,2-1,Leyton Orient,2026-04-11,League One,2025-26
Plymouth Argyle,2-2,Exeter City,2026-04-11,League One,2025-26
Blackpool,3-1,Peterborough,2026-04-11,League One,2025-26
Bradford City,0-1,Stevenage,2026-04-11,League One,2025-26
Burton Albion,1-0,AFC Wimbledon,2026-04-11,League One,2025-26
Doncaster Rovers,1-0,Reading,2026-04-11,League One,2025-26
Huddersfield Town,3-3,Wycombe Wanderers,2026-04-11,League One,2025-26
Rotherham United,1-3,Barnsley,2026-04-11,League One,2025-26
Wigan Athletic,2-1,Mansfield Town,2026-04-11,League One,2025-26
Colchester United,3-0,Swindon Town,2026-04-10,League Two,2025-26
Bristol Rovers,3-1,Crawley Town,2026-04-11,League Two,2025-26
Milton Keynes Dons,2-1,Bromley,2026-04-11,League Two,2025-26
Accrington,1-2,Fleetwood Town,2026-04-11,League Two,2025-26
Barnet,3-2,Barrow,2026-04-11,League Two,2025-26
Cambridge United,4-0,Notts County,2026-04-11,League Two,2025-26
Chesterfield,1-1,Tranmere Rovers,2026-04-11,League Two,2025-26
Grimsby Town,3-2,Crewe Alexandra,2026-04-11,League Two,2025-26
Newport County,2-1,Harrogate Town,2026-04-11,League Two,2025-26
Salford City,0-0,Gillingham,2026-04-11,League Two,2025-26
Shrewsbury Town,1-0,Oldham Athletic,2026-04-11,League Two,2025-26
Walsall,0-4,Cheltenham Town,2026-04-11,League Two,2025-26
Boreham Wood,3-0,Hartlepool United,2026-04-11,National League,2025-26
Tamworth,0-1,York City,2026-04-11,National League,2025-26
Aldershot Town,0-1,Gateshead,2026-04-11,National League,2025-26
Altrincham,1-0,Eastleigh,2026-04-11,National League,2025-26
Boston United,1-0,Truro City,2026-04-11,National League,2025-26
Carlisle United,3-0,Sutton United,2026-04-11,National League,2025-26
Forest Green Rovers,3-1,Braintree Town,2026-04-11,National League,2025-26
Scunthorpe United,1-0,Brackley Town,2026-04-11,National League,2025-26
Southend United,0-0,Solihull Moors,2026-04-11,National League,2025-26
Woking,5-1,Morecambe,2026-04-11,National League,2025-26
Yeovil Town,0-0,FC Halifax Town,2026-04-11,National League,2025-26
Rochdale,2-1,Wealdstone,2026-04-11,National League,2025-26
West Ham,4-0,Wolverhampton,2026-04-10,Premier League,2025-26
Arsenal,1-2,Bournemouth,2026-04-11,Premier League,2025-26
Brentford,2-2,Everton,2026-04-11,Premier League,2025-26
Burnley,0-2,Brighton,2026-04-11,Premier League,2025-26
Liverpool,2-0,Fulham,2026-04-11,Premier League,2025-26
Crystal Palace,2-1,Newcastle United,2026-04-12,Premier League,2025-26
Nottingham Forest,1-1,Aston Villa,2026-04-12,Premier League,2025-26
Sunderland,1-0,Tottenham Hotspur,2026-04-12,Premier League,2025-26
Chelsea,0-3,Manchester City,2026-04-12,Premier League,2025-26
Manchester United,1-2,Leeds United,2026-04-14,Premier League,2025-26
Portsmouth,2-0,Ipswich Town,2026-04-15,Championship,2025-26
Southampton,3-0,Blackburn Rovers,2026-04-15,Championship,2025-26
Bolton Wanderers,5-1,Stevenage,2026-04-15,League One,2025-26
Huddersfield Town,1-1,Cardiff City,2026-04-15,League One,2025-26
Leyton Orient,0-0,Mansfield Town,2026-04-15,League One,2025-26
Port Vale,0-0,Barnsley,2026-04-15,League One,2025-26
Wigan Athletic,3-0,Rotherham United,2026-04-15,League One,2025-26
AFC Wimbledon,0-2,Stockport County,2026-04-16,League One,2025-26
Luton Town,2-1,Northampton Town,2026-04-16,League One,2025-26
Barrow,3-2,Oldham Athletic,2026-04-15,League Two,2025-26
Cheltenham Town,2-1,Gillingham,2026-04-15,League Two,2025-26
Chesterfield,2-1,Grimsby Town,2026-04-15,League Two,2025-26
Colchester United,2-1,Accrington,2026-04-15,League Two,2025-26
Aldershot Town,0-2,Southend United,2026-04-15,National League,2025-26
Wealdstone,1-1,Boston United,2026-04-15,National League,2025-26
Woking,0-0,Solihull Moors,2026-04-15,National League,2025-26
Peterborough,1-3,Port Vale,2026-04-16,League One,2025-26
Blackburn Rovers,1-1,Coventry City,2026-04-17,Championship,2025-26
Derby County,1-0,Oxford United,2026-04-18,Championship,2025-26
Millwall,2-0,Queens Park Rangers,2026-04-18,Championship,2025-26
Portsmouth,1-0,Leicester City,2026-04-18,Championship,2025-26
Bristol City,2-4,Norwich City,2026-04-18,Championship,2025-26
Hull City,1-1,Birmingham City,2026-04-18,Championship,2025-26
Preston North End,0-2,West Bromwich,2026-04-18,Championship,2025-26
Sheffield Wednesday,1-1,Charlton Athletic,2026-04-18,Championship,2025-26
Swansea City,1-2,Southampton,2026-04-18,Championship,2025-26
Watford,0-2,Sheffield United,2026-04-18,Championship,2025-26
Wrexham,2-0,Stoke City,2026-04-18,Championship,2025-26
Ipswich Town,2-2,Middlesbrough,2026-04-19,Championship,2025-26
Barnsley,2-2,Bradford City,2026-04-20,League One,2025-26
Bolton Wanderers,3-3,Huddersfield Town,2026-04-20,League One,2025-26
AFC Wimbledon,1-3,Plymouth Argyle,2026-04-20,League One,2025-26
Exeter City,3-3,Stockport County,2026-04-20,League One,2025-26
Leyton Orient,0-2,Rotherham United,2026-04-20,League One,2025-26
Mansfield Town,2-2,Luton Town,2026-04-20,League One,2025-26
Northampton Town,1-3,Doncaster Rovers,2026-04-20,League One,2025-26
Reading,1-3,Cardiff City,2026-04-20,League One,2025-26
Stevenage,2-2,Lincoln City,2026-04-20,League One,2025-26
Wycombe Wanderers,0-1,Blackpool,2026-04-20,League One,2025-26
Peterborough,1-1,Burton Albion,2026-04-20,League One,2025-26
Port Vale,0-0,Wigan Athletic,2026-04-20,League One,2025-26
Bromley,0-0,Cambridge United,2026-04-16,League Two,2025-26
Barrow,1-3,Walsall,2026-04-18,League Two,2025-26
Swindon Town,2-2,Accrington,2026-04-18,League Two,2025-26
Cheltenham Town,1-0,Newport County,2026-04-18,League Two,2025-26
Crawley Town,0-0,Shrewsbury Town,2026-04-18,League Two,2025-26
Crewe Alexandra,1-3,Milton Keynes Dons,2026-04-18,League Two,2025-26
Fleetwood Town,1-1,Chesterfield,2026-04-18,League Two,2025-26
Gillingham,1-4,Grimsby Town,2026-04-18,League Two,2025-26
Harrogate Town,1-0,Colchester United,2026-04-18,League Two,2025-26
Notts County,1-2,Barnet,2026-04-18,League Two,2025-26
Oldham Athletic,1-2,Salford City,2026-04-18,League Two,2025-26
Tranmere Rovers,1-2,Bristol Rovers,2026-04-18,League Two,2025-26
FC Halifax Town,2-6,Southend United,2026-04-20,National League,2025-26
Brackley Town,2-1,Aldershot Town,2026-04-20,National League,2025-26
Eastleigh,1-1,Tamworth,2026-04-20,National League,2025-26
Gateshead,0-3,Woking,2026-04-20,National League,2025-26
Hartlepool United,2-1,Forest Green Rovers,2026-04-20,National League,2025-26
Morecambe,0-3,Boreham Wood,2026-04-20,National League,2025-26
Solihull Moors,0-3,Boston United,2026-04-20,National League,2025-26
Sutton United,1-2,Altrincham,2026-04-20,National League,2025-26
Truro City,0-1,Carlisle United,2026-04-20,National League,2025-26
Wealdstone,1-1,Scunthorpe United,2026-04-20,National League,2025-26
Braintree Town,1-2,Rochdale,2026-04-20,National League,2025-26
York City,3-0,Yeovil Town,2026-04-20,National League,2025-26
Brentford,0-0,Fulham,2026-04-19,Premier League,2025-26
Leeds United,3-0,Wolverhampton,2026-04-19,Premier League,2025-26
Newcastle United,1-2,Bournemouth,2026-04-19,Premier League,2025-26
Tottenham Hotspur,2-2,Brighton,2026-04-19,Premier League,2025-26
Chelsea,0-1,Manchester United,2026-04-19,Premier League,2025-26
Aston Villa,4-3,Sunderland,2026-04-20,Premier League,2025-26
Everton,1-2,Liverpool,2026-04-20,Premier League,2025-26
Nottingham Forest,4-1,Burnley,2026-04-20,Premier League,2025-26
Manchester City,2-1,Arsenal,2026-04-20,Premier League,2025-26
Crystal Palace,0-0,West Ham,2026-04-20,Premier League,2025-26
Brighton,3-0,Chelsea,2026-04-21,Premier League,2025-26
Bradford City,1-1,Plymouth Argyle,2026-04-21,League One,2025-26
Doncaster Rovers,0-2,Lincoln City,2026-04-21,League One,2025-26
Rotherham United,0-2,Luton Town,2026-04-21,League One,2025-26
Stevenage,1-0,Barnsley,2026-04-21,League One,2025-26
Stockport County,0-1,Mansfield Town,2026-04-21,League One,2025-26
Cambridge United,1-2,Grimsby Town,2026-04-22,League Two,2025-26
Cheltenham Town,1-3,Tranmere Rovers,2026-04-22,League Two,2025-26
Burnley,0-1,Manchester City,2026-04-22,Premier League,2025-26
Bournemouth,2-2,Leeds United,2026-04-22,Premier League,2025-26
Coventry City,5-1,Portsmouth,2026-04-22,Championship,2025-26
Leicester City,2-2,Hull City,2026-04-22,Championship,2025-26
Norwich City,2-1,Derby County,2026-04-22,Championship,2025-26
Oxford United,0-1,Wrexham,2026-04-22,Championship,2025-26
Queens Park Rangers,1-2,Swansea City,2026-04-22,Championship,2025-26
Southampton,2-2,Bristol City,2026-04-22,Championship,2025-26
Stoke City,1-3,Millwall,2026-04-22,Championship,2025-26
West Bromwich,3-0,Watford,2026-04-22,Championship,2025-26
Birmingham City,2-1,Preston North End,2026-04-22,Championship,2025-26
Charlton Athletic,1-2,Ipswich Town,2026-04-22,Championship,2025-26
Middlesbrough,1-0,Sheffield Wednesday,2026-04-22,Championship,2025-26
Sheffield United,1-3,Blackburn Rovers,2026-04-22,Championship,2025-26
Cardiff City,1-0,Port Vale,2026-04-22,League One,2025-26
Aldershot Town,0-2,Truro City,2026-04-25,National League,2025-26
Altrincham,3-1,Gateshead,2026-04-25,National League,2025-26
Boreham Wood,1-0,Sutton United,2026-04-25,National League,2025-26
Boston United,3-1,Hartlepool United,2026-04-25,National League,2025-26
Carlisle United,3-0,Brackley Town,2026-04-25,National League,2025-26
Forest Green Rovers,5-0,Morecambe,2026-04-25,National League,2025-26
Rochdale,1-1,York City,2026-04-25,National League,2025-26
Scunthorpe United,0-1,Eastleigh,2026-04-25,National League,2025-26
Southend United,2-1,Wealdstone,2026-04-25,National League,2025-26
Tamworth,5-1,Braintree Town,2026-04-25,National League,2025-26
Woking,0-1,FC Halifax Town,2026-04-25,National League,2025-26
Yeovil Town,1-4,Solihull Moors,2026-04-25,National League,2025-26
Hartlepool United,4-3,Southend United,2026-04-21,National League,2025-26
Salford City,2-0,Bromley,2026-04-23,League Two,2025-26
Grimsby Town,4-0,Swindon Town,2026-04-25,League Two,2025-26
Milton Keynes Dons,3-0,Tranmere Rovers,2026-04-25,League Two,2025-26
Accrington,3-3,Crawley Town,2026-04-25,League Two,2025-26
Barnet,6-2,Gillingham,2026-04-25,League Two,2025-26
Bristol Rovers,4-0,Cheltenham Town,2026-04-25,League Two,2025-26
Cambridge United,3-0,Barrow,2026-04-25,League Two,2025-26
Chesterfield,2-0,Crewe Alexandra,2026-04-25,League Two,2025-26
Colchester United,0-1,Notts County,2026-04-25,League Two,2025-26
Newport County,3-2,Oldham Athletic,2026-04-25,League Two,2025-26
Shrewsbury Town,2-2,Fleetwood Town,2026-04-25,League Two,2025-26
Walsall,0-2,Harrogate Town,2026-04-25,League Two,2025-26
Leicester City,1-1,Millwall,2026-04-24,Championship,2025-26
Charlton Athletic,2-1,Hull City,2026-04-25,Championship,2025-26
Middlesbrough,5-1,Watford,2026-04-25,Championship,2025-26
West Bromwich,0-0,Ipswich Town,2026-04-25,Championship,2025-26
Birmingham City,2-1,Bristol City,2026-04-25,Championship,2025-26
Norwich City,1-1,Swansea City,2026-04-25,Championship,2025-26
Oxford United,4-1,Sheffield Wednesday,2026-04-25,Championship,2025-26
Queens Park Rangers,2-3,Derby County,2026-04-25,Championship,2025-26
Sheffield United,2-3,Preston North End,2026-04-25,Championship,2025-26
Stoke City,1-3,Portsmouth,2026-04-25,Championship,2025-26
Coventry City,3-1,Wrexham,2026-04-26,Championship,2025-26
Doncaster Rovers,1-1,Stevenage,2026-04-26,League One,2025-26
Stockport County,3-1,Peterborough,2026-04-26,League One,2025-26
Blackpool,1-0,Leyton Orient,2026-04-26,League One,2025-26
Bradford City,1-1,Bolton Wanderers,2026-04-26,League One,2025-26
Burton Albion,1-1,Exeter City,2026-04-26,League One,2025-26
Cardiff City,5-1,Northampton Town,2026-04-26,League One,2025-26
Huddersfield Town,1-4,Mansfield Town,2026-04-26,League One,2025-26
Lincoln City,4-3,Wycombe Wanderers,2026-04-26,League One,2025-26
Luton Town,2-1,Barnsley,2026-04-26,League One,2025-26
Plymouth Argyle,2-1,Port Vale,2026-04-26,League One,2025-26
Rotherham United,1-1,Reading,2026-04-26,League One,2025-26
Wigan Athletic,0-1,AFC Wimbledon,2026-04-26,League One,2025-26
Sunderland,0-5,Nottingham Forest,2026-04-24,Premier League,2025-26
Fulham,1-0,Aston Villa,2026-04-25,Premier League,2025-26
Liverpool,3-1,Crystal Palace,2026-04-25,Premier League,2025-26
West Ham,2-1,Everton,2026-04-25,Premier League,2025-26
Wolverhampton,0-1,Tottenham Hotspur,2026-04-25,Premier League,2025-26
Arsenal,1-0,Newcastle United,2026-04-25,Premier League,2025-26
Manchester United,2-1,Brentford,2026-04-27,Premier League,2025-26
Southampton,2-2,Ipswich Town,2026-04-28,Championship,2025-26
Northampton Town,0-1,Barnsley,2026-04-28,League One,2025-26
Peterborough,0-0,Mansfield Town,2026-04-28,League One,2025-26
Stockport County,1-2,Port Vale,2026-04-28,League One,2025-26
Leeds United,3-1,Burnley,2026-05-01,Premier League,2025-26
Blackburn Rovers,0-1,Leicester City,2026-05-02,Championship,2025-26
Bristol City,2-0,Stoke City,2026-05-02,Championship,2025-26
Derby County,1-2,Sheffield United,2026-05-02,Championship,2025-26
Hull City,2-1,Norwich City,2026-05-02,Championship,2025-26
Ipswich Town,3-0,Queens Park Rangers,2026-05-02,Championship,2025-26
Millwall,2-0,Oxford United,2026-05-02,Championship,2025-26
Portsmouth,1-1,Birmingham City,2026-05-02,Championship,2025-26
Preston North End,1-3,Southampton,2026-05-02,Championship,2025-26
Sheffield Wednesday,2-1,West Bromwich,2026-05-02,Championship,2025-26
Swansea City,3-1,Charlton Athletic,2026-05-02,Championship,2025-26
Watford,0-4,Coventry City,2026-05-02,Championship,2025-26
Wrexham,2-2,Middlesbrough,2026-05-02,Championship,2025-26
Newcastle United,3-1,Brighton,2026-05-02,Premier League,2025-26
Wolverhampton,1-1,Sunderland,2026-05-02,Premier League,2025-26
AFC Wimbledon,0-4,Huddersfield Town,2026-05-02,League One,2025-26
Barnsley,1-3,Stockport County,2026-05-02,League One,2025-26
Bolton Wanderers,2-3,Luton Town,2026-05-02,League One,2025-26
Exeter City,1-2,Bradford City,2026-05-02,League One,2025-26
Leyton Orient,2-2,Burton Albion,2026-05-02,League One,2025-26
Mansfield Town,5-4,Cardiff City,2026-05-02,League One,2025-26
Northampton Town,2-3,Plymouth Argyle,2026-05-02,League One,2025-26
Peterborough,1-3,Doncaster Rovers,2026-05-02,League One,2025-26
Port Vale,0-2,Lincoln City,2026-05-02,League One,2025-26
Reading,0-1,Blackpool,2026-05-02,League One,2025-26
Stevenage,1-0,Wigan Athletic,2026-05-02,League One,2025-26
Wycombe Wanderers,3-2,Rotherham United,2026-05-02,League One,2025-26
Barrow,1-2,Newport County,2026-05-02,League Two,2025-26
Bromley,3-1,Walsall,2026-05-02,League Two,2025-26
Cheltenham Town,1-4,Colchester United,2026-05-02,League Two,2025-26
Crawley Town,0-0,Salford City,2026-05-02,League Two,2025-26
Crewe Alexandra,0-0,Cambridge United,2026-05-02,League Two,2025-26
Fleetwood Town,1-1,Milton Keynes Dons,2026-05-02,League Two,2025-26
Gillingham,1-0,Shrewsbury Town,2026-05-02,League Two,2025-26
Harrogate Town,1-2,Barnet,2026-05-02,League Two,2025-26
Notts County,1-1,Bristol Rovers,2026-05-02,League Two,2025-26
Oldham Athletic,3-0,Accrington,2026-05-02,League Two,2025-26
Swindon Town,1-2,Chesterfield,2026-05-02,League Two,2025-26
Tranmere Rovers,1-1,Grimsby Town,2026-05-02,League Two,2025-26
Brentford,3-0,West Ham,2026-05-02,Premier League,2025-26
Arsenal,3-0,Fulham,2026-05-02,Premier League,2025-26
Bournemouth,3-0,Crystal Palace,2026-05-03,Premier League,2025-26
Manchester United,3-2,Liverpool,2026-05-03,Premier League,2025-26
Aston Villa,1-2,Tottenham Hotspur,2026-05-03,Premier League,2025-26
Everton,3-3,Manchester City,2026-05-04,Premier League,2025-26
Chelsea,1-3,Nottingham Forest,2026-05-04,Premier League,2025-26
Liverpool,1-1,Chelsea,2026-05-09,Premier League,2025-26
Fulham,0-1,Bournemouth,2026-05-09,Premier League,2025-26
Brighton,3-0,Wolverhampton,2026-05-09,Premier League,2025-26
Sunderland,0-0,Manchester United,2026-05-09,Premier League,2025-26
Burnley,2-2,Aston Villa,2026-05-10,Premier League,2025-26
Crystal Palace,2-2,Everton,2026-05-10,Premier League,2025-26
Nottingham Forest,1-1,Newcastle United,2026-05-10,Premier League,2025-26
West Ham,0-1,Arsenal,2026-05-10,Premier League,2025-26
Manchester City,3-0,Brentford,2026-05-09,Premier League,2025-26
Tottenham Hotspur,1-1,Leeds United,2026-05-11,Premier League,2025-26
Manchester City,3-0,Crystal Palace,2026-05-13,Premier League,2025-26
Aston Villa,4-2,Liverpool,2026-05-15,Premier League,2025-26
Manchester United,3-2,Nottingham Forest,2026-05-17,Premier League,2025-26
Brentford,2-2,Crystal Palace,2026-05-17,Premier League,2025-26
Everton,1-3,Sunderland,2026-05-17,Premier League,2025-26
Leeds United,1-0,Brighton,2026-05-17,Premier League,2025-26
Wolverhampton,1-1,Fulham,2026-05-17,Premier League,2025-26
Newcastle United,3-1,West Ham,2026-05-17,Premier League,2025-26
Arsenal,1-0,Burnley,2026-05-18,Premier League,2025-26
Chelsea,2-1,Tottenham Hotspur,2026-05-19,Premier League,2025-26
Bournemouth,1-1,Manchester City,2026-05-19,Premier League,2025-26
Brighton,0-3,Manchester United,2026-05-24,Premier League,2025-26
Burnley,1-1,Wolverhampton,2026-05-24,Premier League,2025-26
Crystal Palace,1-2,Arsenal,2026-05-24,Premier League,2025-26
Fulham,2-0,Newcastle United,2026-05-24,Premier League,2025-26
Liverpool,1-1,Brentford,2026-05-24,Premier League,2025-26
Manchester City,1-2,Aston Villa,2026-05-24,Premier League,2025-26
Nottingham Forest,1-1,Bournemouth,2026-05-24,Premier League,2025-26
Sunderland,2-1,Chelsea,2026-05-24,Premier League,2025-26
Tottenham Hotspur,1-0,Everton,2026-05-24,Premier League,2025-26
West Ham,3-0,Leeds United,2026-05-24,Premier League,2025-26
AFC Fylde,2-2,Wealdstone,2026-08-08,National League,2026-27
Altrincham,1-3,Southend United,2026-08-08,National League,2026-27
Boreham Wood,3-3,Tamworth,2026-08-08,National League,2026-27
Boston United,0-1,Aldershot Town,2026-08-08,National League,2026-27
Carlisle United,2-3,Worthing,2026-08-08,National League,2026-27
Eastleigh,2-1,Gateshead,2026-08-08,National League,2026-27
Forest Green Rovers,3-2,FC Halifax Town,2026-08-08,National League,2026-27
Harrogate Town,5-2,Solihull Moors,2026-08-08,National League,2026-27
Hartlepool United,2-0,Barrow,2026-08-08,National League,2026-27
Hornchurch,3-0,Kidderminster Harriers,2026-08-08,National League,2026-27
Scunthorpe United,1-1,Yeovil Town,2026-08-08,National League,2026-27
Woking,0-3,Sutton United,2026-08-08,National League,2026-27
Wolverhampton,2-2,Blackburn Rovers,2026-08-14,Championship,2026-27
Bolton Wanderers,2-1,Preston North End,2026-08-15,Championship,2026-27
Bristol City,0-2,Millwall,2026-08-15,Championship,2026-27
Charlton Athletic,2-1,Derby County,2026-08-15,Championship,2026-27
Middlesbrough,2-1,Lincoln City,2026-08-15,Championship,2026-27
Norwich City,1-2,West Bromwich,2026-08-15,Championship,2026-27
Portsmouth,1-3,Queens Park Rangers,2026-08-15,Championship,2026-27
Stoke City,1-2,Swansea City,2026-08-15,Championship,2026-27
Notts County,1-1,Leicester City,2026-08-15,League One,2026-27
Oxford United,2-2,Milton Keynes Dons,2026-08-15,League One,2026-27
Reading,3-4,Luton Town,2026-08-15,League One,2026-27
Barnsley,0-1,Bromley,2026-08-15,League One,2026-27
Blackpool,1-1,Wycombe Wanderers,2026-08-15,League One,2026-27
Bradford City,2-0,Peterborough,2026-08-15,League One,2026-27
Burton Albion,1-1,Stevenage,2026-08-15,League One,2026-27
Cambridge United,3-2,Wigan Athletic,2026-08-15,League One,2026-27
Huddersfield Town,3-0,AFC Wimbledon,2026-08-15,League One,2026-27
Leyton Orient,1-2,Sheffield Wednesday,2026-08-15,League One,2026-27
Mansfield Town,2-1,Doncaster Rovers,2026-08-15,League One,2026-27
Plymouth Argyle,1-3,Stockport County,2026-08-15,League One,2026-27
Newport County,3-0,Rochdale,2026-08-15,League Two,2026-27
Oldham Athletic,2-0,Port Vale,2026-08-15,League Two,2026-27
Accrington,2-2,Colchester United,2026-08-15,League Two,2026-27
Barnet,3-1,Salford City,2026-08-15,League Two,2026-27
Cheltenham Town,2-1,Rotherham United,2026-08-15,League Two,2026-27
Chesterfield,0-1,Fleetwood Town,2026-08-15,League Two,2026-27
Crawley Town,0-1,Crewe Alexandra,2026-08-15,League Two,2026-27
Gillingham,0-3,Walsall,2026-08-15,League Two,2026-27
Grimsby Town,1-0,Exeter City,2026-08-15,League Two,2026-27
Northampton Town,0-0,Swindon Town,2026-08-15,League Two,2026-27
Tranmere Rovers,2-0,Shrewsbury Town,2026-08-15,League Two,2026-27
York City,3-2,Bristol Rovers,2026-08-15,League Two,2026-27
Aldershot Town,0-1,Hartlepool United,2026-08-15,National League,2026-27
Barrow,1-2,Hornchurch,2026-08-15,National League,2026-27
FC Halifax Town,1-3,Boreham Wood,2026-08-15,National League,2026-27
Gateshead,2-0,Woking,2026-08-15,National League,2026-27
Kidderminster Harriers,1-0,Eastleigh,2026-08-15,National League,2026-27
Solihull Moors,0-2,Boston United,2026-08-15,National League,2026-27
Southend United,1-0,Scunthorpe United,2026-08-15,National League,2026-27
Sutton United,1-0,Altrincham,2026-08-15,National League,2026-27
Tamworth,1-2,AFC Fylde,2026-08-15,National League,2026-27
Wealdstone,1-3,Harrogate Town,2026-08-15,National League,2026-27
Worthing,1-2,Forest Green Rovers,2026-08-15,National League,2026-27
Yeovil Town,1-1,Carlisle United,2026-08-15,National League,2026-27
Sheffield United,0-0,Birmingham City,2026-08-15,Championship,2026-27
Watford,2-1,Southampton,2026-08-16,Championship,2026-27
Burnley,2-2,West Ham,2026-08-16,Championship,2026-27
Cardiff City,1-1,Wrexham,2026-08-17,Championship,2026-27
Arsenal,3-0,Coventry City,2026-08-21,Premier League,2026-27
Hull City,2-0,Manchester United,2026-08-22,Premier League,2026-27
Birmingham City,2-2,Bristol City,2026-08-22,Championship,2026-27
Lincoln City,1-3,Portsmouth,2026-08-22,Championship,2026-27
Millwall,3-0,Norwich City,2026-08-22,Championship,2026-27
Blackburn Rovers,2-1,Middlesbrough,2026-08-22,Championship,2026-27
Derby County,2-2,Cardiff City,2026-08-22,Championship,2026-27
Preston North End,1-3,Wolverhampton,2026-08-22,Championship,2026-27
Queens Park Rangers,0-0,Bolton Wanderers,2026-08-22,Championship,2026-27
Southampton,3-1,Stoke City,2026-08-22,Championship,2026-27
Swansea City,0-0,Sheffield United,2026-08-22,Championship,2026-27
West Ham,1-2,Charlton Athletic,2026-08-22,Championship,2026-27
Wrexham,1-1,Watford,2026-08-22,Championship,2026-27
Sheffield Wednesday,0-1,Bradford City,2026-08-20,League One,2026-27
Doncaster Rovers,0-0,Barnsley,2026-08-22,League One,2026-27
Luton Town,2-2,Notts County,2026-08-22,League One,2026-27
AFC Wimbledon,0-0,Reading,2026-08-22,League One,2026-27
Bromley,1-1,Cambridge United,2026-08-22,League One,2026-27
Leicester City,1-2,Burton Albion,2026-08-22,League One,2026-27
Milton Keynes Dons,1-1,Huddersfield Town,2026-08-22,League One,2026-27
Peterborough,2-1,Mansfield Town,2026-08-22,League One,2026-27
Stevenage,1-2,Oxford United,2026-08-22,League One,2026-27
Stockport County,1-2,Blackpool,2026-08-22,League One,2026-27
Wigan Athletic,0-2,Leyton Orient,2026-08-22,League One,2026-27
Wycombe Wanderers,1-1,Plymouth Argyle,2026-08-22,League One,2026-27
Bristol Rovers,5-3,Newport County,2026-08-22,League Two,2026-27
Salford City,0-1,Chesterfield,2026-08-22,League Two,2026-27
Walsall,0-0,Grimsby Town,2026-08-22,League Two,2026-27
Colchester United,2-1,Oldham Athletic,2026-08-22,League Two,2026-27
Crewe Alexandra,1-0,Northampton Town,2026-08-22,League Two,2026-27
Exeter City,2-0,Accrington,2026-08-22,League Two,2026-27
Fleetwood Town,0-0,Gillingham,2026-08-22,League Two,2026-27
Port Vale,1-1,Tranmere Rovers,2026-08-22,League Two,2026-27
Rochdale,1-2,Crawley Town,2026-08-22,League Two,2026-27
Rotherham United,1-1,York City,2026-08-22,League Two,2026-27
Shrewsbury Town,1-3,Barnet,2026-08-22,League Two,2026-27
Swindon Town,2-1,Cheltenham Town,2026-08-22,League Two,2026-27
West Bromwich,3-1,Burnley,2026-08-23,Championship,2026-27
Everton,2-0,Crystal Palace,2026-08-23,Premier League,2026-27
Ipswich Town,2-1,Sunderland,2026-08-23,Premier League,2026-27
Nottingham Forest,0-1,Leeds United,2026-08-23,Premier League,2026-27
Brentford,3-0,Tottenham Hotspur,2026-08-23,Premier League,2026-27
Brighton,4-0,Aston Villa,2026-08-23,Premier League,2026-27
Manchester City,2-1,Bournemouth,2026-08-23,Premier League,2026-27
Newcastle United,2-2,Liverpool,2026-08-23,Premier League,2026-27
Fulham,2-3,Chelsea,2026-08-24,Premier League,2026-27
Boston United,1-0,Altrincham,2026-08-22,National League,2026-27
Carlisle United,4-1,Hornchurch,2026-08-22,National League,2026-27
Eastleigh,3-2,Scunthorpe United,2026-08-22,National League,2026-27
FC Halifax Town,4-1,Tamworth,2026-08-22,National League,2026-27
Forest Green Rovers,0-3,Boreham Wood,2026-08-22,National League,2026-27
Kidderminster Harriers,1-1,Aldershot Town,2026-08-22,National League,2026-27
Solihull Moors,1-3,Southend United,2026-08-22,National League,2026-27
Sutton United,2-1,Hartlepool United,2026-08-22,National League,2026-27
Woking,3-2,AFC Fylde,2026-08-22,National League,2026-27
Worthing,1-0,Wealdstone,2026-08-22,National League,2026-27
Yeovil Town,3-0,Gateshead,2026-08-22,National League,2026-27
Harrogate Town,2-2,Barrow,2026-08-22,National League,2026-27
Crystal Palace,1-4,Manchester City,2026-08-28,Premier League,2026-27
Boreham Wood,2-1,Boston United,2026-08-27,National League,2026-27
AFC Fylde,2-0,Forest Green Rovers,2026-08-28,National League,2026-27
Aldershot Town,3-1,Harrogate Town,2026-08-28,National League,2026-27
Altrincham,2-1,FC Halifax Town,2026-08-28,National League,2026-27
Barrow,1-2,Yeovil Town,2026-08-28,National League,2026-27
Gateshead,0-1,Sutton United,2026-08-28,National League,2026-27
Hartlepool United,0-1,Eastleigh,2026-08-28,National League,2026-27
Hornchurch,1-0,Woking,2026-08-28,National League,2026-27
Scunthorpe United,3-1,Solihull Moors,2026-08-28,National League,2026-27
Southend United,1-3,Kidderminster Harriers,2026-08-28,National League,2026-27
Tamworth,3-2,Worthing,2026-08-28,National League,2026-27
Wealdstone,1-1,Carlisle United,2026-08-28,National League,2026-27
Wrexham,1-2,Birmingham City,2026-08-28,Championship,2026-27
Derby County,0-3,Swansea City,2026-08-29,Championship,2026-27
Middlesbrough,3-1,West Bromwich,2026-08-29,Championship,2026-27
Wolverhampton,4-1,Stoke City,2026-08-29,Championship,2026-27
Blackburn Rovers,1-2,Queens Park Rangers,2026-08-29,Championship,2026-27
Bolton Wanderers,0-1,Lincoln City,2026-08-29,Championship,2026-27
Bristol City,2-1,Portsmouth,2026-08-29,Championship,2026-27
Cardiff City,2-2,Sheffield United,2026-08-29,Championship,2026-27
Charlton Athletic,1-0,Preston North End,2026-08-29,Championship,2026-27
Norwich City,4-1,Burnley,2026-08-29,Championship,2026-27
Southampton,5-1,Millwall,2026-08-29,Championship,2026-27
Watford,1-1,West Ham,2026-08-29,Championship,2026-27
Blackpool,4-0,Peterborough,2026-08-29,League One,2026-27
Milton Keynes Dons,0-0,Leicester City,2026-08-29,League One,2026-27
Cambridge United,1-2,Huddersfield Town,2026-08-29,League One,2026-27
Leyton Orient,1-3,Barnsley,2026-08-29,League One,2026-27
Notts County,2-1,Burton Albion,2026-08-29,League One,2026-27
Plymouth Argyle,2-0,Bradford City,2026-08-29,League One,2026-27
Sheffield Wednesday,7-2,Bromley,2026-08-29,League One,2026-27
Stevenage,2-2,Doncaster Rovers,2026-08-29,League One,2026-27
Stockport County,5-1,Wycombe Wanderers,2026-08-29,League One,2026-27
AFC Wimbledon,1-0,Wigan Athletic,2026-08-30,League One,2026-27
Mansfield Town,5-2,Luton Town,2026-08-30,League One,2026-27
Barnet,2-2,Cheltenham Town,2026-08-29,League Two,2026-27
Port Vale,0-0,Crewe Alexandra,2026-08-29,League Two,2026-27
Rotherham United,2-1,Chesterfield,2026-08-29,League Two,2026-27
Colchester United,1-0,Rochdale,2026-08-29,League Two,2026-27
Crawley Town,0-2,Bristol Rovers,2026-08-29,League Two,2026-27
Gillingham,1-1,Northampton Town,2026-08-29,League Two,2026-27
Grimsby Town,2-2,Fleetwood Town,2026-08-29,League Two,2026-27
Newport County,2-2,Tranmere Rovers,2026-08-29,League Two,2026-27
Oldham Athletic,3-0,Swindon Town,2026-08-29,League Two,2026-27
Shrewsbury Town,1-0,Salford City,2026-08-29,League Two,2026-27
Walsall,3-2,Accrington,2026-08-29,League Two,2026-27
York City,2-1,Exeter City,2026-08-29,League Two,2026-27
Boston United,2-3,Hornchurch,2026-08-31,National League,2026-27
Carlisle United,4-2,Scunthorpe United,2026-08-31,National League,2026-27
Eastleigh,1-1,Aldershot Town,2026-08-31,National League,2026-27
Forest Green Rovers,1-2,Altrincham,2026-08-31,National League,2026-27
Harrogate Town,2-1,Gateshead,2026-08-31,National League,2026-27
Kidderminster Harriers,1-1,Barrow,2026-08-31,National League,2026-27
Solihull Moors,1-3,AFC Fylde,2026-08-31,National League,2026-27
Sutton United,0-2,Wealdstone,2026-08-31,National League,2026-27
Woking,1-1,Southend United,2026-08-31,National League,2026-27
Worthing,2-3,Boreham Wood,2026-08-31,National League,2026-27
Yeovil Town,3-2,Tamworth,2026-08-31,National League,2026-27
Liverpool,2-2,Nottingham Forest,2026-08-29,Premier League,2026-27
Bournemouth,1-1,Everton,2026-08-29,Premier League,2026-27
Coventry City,0-1,Hull City,2026-08-29,Premier League,2026-27
Tottenham Hotspur,0-2,Newcastle United,2026-08-29,Premier League,2026-27
Chelsea,4-3,Brighton,2026-08-30,Premier League,2026-27
Leeds United,1-1,Brentford,2026-08-30,Premier League,2026-27
Sunderland,1-0,Fulham,2026-08-30,Premier League,2026-27
Manchester United,5-2,Ipswich Town,2026-08-30,Premier League,2026-27
Aston Villa,0-1,Arsenal,2026-08-31,Premier League,2026-27
Lincoln City,0-0,Blackburn Rovers,2026-09-01,Championship,2026-27
Portsmouth,0-2,Derby County,2026-09-01,Championship,2026-27
Preston North End,1-3,Bristol City,2026-09-01,Championship,2026-27
Sheffield United,3-2,Bolton Wanderers,2026-09-01,Championship,2026-27
Swansea City,2-0,Watford,2026-09-01,Championship,2026-27
West Ham,4-2,Wolverhampton,2026-09-01,Championship,2026-27
Birmingham City,1-1,Southampton,2026-09-01,Championship,2026-27
Stoke City,1-0,Norwich City,2026-09-01,Championship,2026-27
Bradford City,1-2,Cambridge United,2026-09-01,League One,2026-27
Bromley,0-5,Leyton Orient,2026-09-01,League One,2026-27
Doncaster Rovers,1-1,Notts County,2026-09-01,League One,2026-27
Huddersfield Town,3-1,Oxford United,2026-09-01,League One,2026-27
Leicester City,2-0,Plymouth Argyle,2026-09-01,League One,2026-27
Peterborough,0-0,Stevenage,2026-09-01,League One,2026-27
Wycombe Wanderers,1-2,Sheffield Wednesday,2026-09-01,League One,2026-27
FC Halifax Town,1-0,Hartlepool United,2026-08-31,National League,2026-27
Accrington,2-2,Grimsby Town,2026-09-01,League Two,2026-27
Bristol Rovers,2-0,Colchester United,2026-09-01,League Two,2026-27
Cheltenham Town,3-2,York City,2026-09-01,League Two,2026-27
Chesterfield,1-1,Gillingham,2026-09-01,League Two,2026-27
Crewe Alexandra,2-2,Walsall,2026-09-01,League Two,2026-27
Exeter City,1-1,Barnet,2026-09-01,League Two,2026-27
Fleetwood Town,1-1,Oldham Athletic,2026-09-01,League Two,2026-27
Northampton Town,1-1,Crawley Town,2026-09-01,League Two,2026-27
Rochdale,3-0,Shrewsbury Town,2026-09-01,League Two,2026-27
Salford City,2-1,Newport County,2026-09-01,League Two,2026-27
Swindon Town,3-1,Port Vale,2026-09-01,League Two,2026-27
Tranmere Rovers,2-2,Rotherham United,2026-09-01,League Two,2026-27
Sheffield Wednesday,3-2,Bolton Wanderers,2026-09-02,Championship,2026-27
Millwall,0-3,Wrexham,2026-09-02,Championship,2026-27
Queens Park Rangers,2-1,Cardiff City,2026-09-02,Championship,2026-27
West Bromwich,1-1,Charlton Athletic,2026-09-02,Championship,2026-27
Burnley,1-1,Middlesbrough,2026-09-02,Championship,2026-27
Barnsley,2-1,Blackpool,2026-09-03,League One,2026-27
Burton Albion,4-1,AFC Wimbledon,2026-09-03,League One,2026-27
Luton Town,2-0,Stockport County,2026-09-03,League One,2026-27
Wigan Athletic,3-1,Milton Keynes Dons,2026-09-03,League One,2026-27
Reading,5-0,Mansfield Town,2026-09-03,League One,2026-27
